adduct,charge,percent_coverage
2M+ClO3,-1,2.82E-06
2M+ClO4,-1,1.41E-06
2M+H,1,0.019328443
2M+H+CH3OH,1,2.82E-05
2M+K,1,2.40E-05
2M+KSO4,-1,1.41E-06
2M+NH4,1,6.06E-05
2M+Na,1,0.001184869
2M-2H+3Na,1,7.33E-05
2M-2H+K,-1,1.27E-05
2M-2H+Na,-1,0.000102848
2M-3H+2Na,-1,1.83E-05
2M-4H+3Na,-1,2.25E-05
2M-H,-1,0.012588354
2M-H+2NH4,1,2.82E-06
2M-H+2Na,1,3.10E-05
3M+ClO3,-1,1.41E-06
3M+ClO4,-1,1.41E-06
3M+H,1,0.001296171
3M+K,1,2.82E-06
3M+Na,1,8.59E-05
3M-3H+2Na,-1,2.68E-05
3M-H,-1,0.000811516
4M+K,1,1.41E-06
4M+NO3,-1,2.82E-06
4M+Na,1,1.97E-05
4M-H,-1,2.82E-05
5M+NO3,-1,1.41E-06
5M+Na,1,1.41E-06
5M-H,-1,2.82E-05
M+2Cl,-2,0.000228239
M+2H,2,0.04372604
M+2H+K,3,1.55E-05
M+2H+Na,3,9.30E-05
M+2H-H2O,2,4.79E-05
M+2H-NH3,2,0.000101439
M+2K,2,0.000494517
M+2K-4H,-2,1.27E-05
M+2Na,2,0.001466645
M+2Na-4H,-2,1.41E-05
M+2Na-H,1,0.00039026
M+2Na-H-H2O,1,3.52E-05
M+2Na-H2O,2,2.54E-05
M+3H,3,0.017067188
M+3Na,3,6.34E-05
M+4H,4,0.010937146
M+5H,5,0.006580885
M+6H,6,0.00414352
M+7H,7,0.002131637
M+8H,8,0.000717121
M+9H,9,0.000216968
M+Ba-H,1,8.45E-06
M+Br,-1,0.000108484
M+C2F3O2,-1,0.000340949
M+C2H3O2,-1,7.61E-05
M+CH3CO2,-1,2.11E-05
M+Cl,-1,0.005324162
M+ClO3,-1,1.41E-06
M+ClO4,-1,1.41E-06
M+D,1,2.11E-05
M+H,1,0.386443462
M+H -H2O,1,2.82E-06
M+H+2K,3,0.00050438
M+H+2Na,3,0.000104257
M+H+CH3CN,1,5.49E-05
M+H+CH3OH,1,3.10E-05
M+H+H2O,1,0.000483246
M+H+K,2,0.002628973
M+H+K-H2O,2,1.83E-05
M+H+NH4,2,1.83E-05
M+H+Na,2,0.001900581
M+H+Na-H2O,2,0.000129617
M+H+O,1,0.000143706
M+H-2CH4,1,2.82E-05
M+H-2H2O,1,0.01173739
M+H-2H2O-NH3,1,1.97E-05
M+H-3CH4,1,2.82E-05
M+H-3H2O,1,0.004263275
M+H-4H2O,1,0.00020147
M+H-Br,1,1.13E-05
M+H-C10H10ClN3,1,1.69E-05
M+H-C10H10N2O2,1,4.09E-05
M+H-C10H10N2O3,1,2.11E-05
M+H-C10H10O,1,3.38E-05
M+H-C10H10O2,1,2.11E-05
M+H-C10H10O2N2,1,1.97E-05
M+H-C10H10O3,1,3.52E-05
M+H-C10H10O4,1,2.40E-05
M+H-C10H11Cl2N3O3,1,1.83E-05
M+H-C10H11F4N,1,1.97E-05
M+H-C10H11N,1,1.41E-05
M+H-C10H11NO,1,4.51E-05
M+H-C10H11NO4,1,1.13E-05
M+H-C10H11NO5S,1,1.41E-05
M+H-C10H11O2,1,7.04E-06
M+H-C10H11ON,1,2.82E-05
M+H-C10H12,1,4.51E-05
M+H-C10H12ClNO,1,5.35E-05
M+H-C10H12F2N2O2S,1,1.69E-05
M+H-C10H12F3N,1,1.83E-05
M+H-C10H12FNO,1,6.20E-05
M+H-C10H12N2O2,1,1.13E-05
M+H-C10H12N2O3S,1,1.13E-05
M+H-C10H12O2,1,4.37E-05
M+H-C10H12O3,1,1.69E-05
M+H-C10H12O4,1,2.25E-05
M+H-C10H12O5,1,1.83E-05
M+H-C10H12O7,1,1.83E-05
M+H-C10H12SO3N2,1,1.55E-05
M+H-C10H13ClN2,1,1.69E-05
M+H-C10H13N3O4S,1,1.55E-05
M+H-C10H13NO,1,0.000100031
M+H-C10H13NO2,1,1.41E-05
M+H-C10H13NO4S,1,1.83E-05
M+H-C10H13O2N,1,3.80E-05
M+H-C10H13O2S,1,1.55E-05
M+H-C10H14,1,3.10E-05
M+H-C10H14BrO2N,1,1.83E-05
M+H-C10H14ClNO2,1,3.10E-05
M+H-C10H14N2O4,1,2.11E-05
M+H-C10H14N2O6S2,1,1.55E-05
M+H-C10H14O,1,4.65E-05
M+H-C10H14O3,1,1.55E-05
M+H-C10H14O4,1,1.41E-05
M+H-C10H14O5,1,7.04E-06
M+H-C10H14O6N2,1,1.97E-05
M+H-C10H14O7,1,1.69E-05
M+H-C10H14S,1,2.40E-05
M+H-C10H15F3N2O2,1,1.55E-05
M+H-C10H15N,1,5.21E-05
M+H-C10H15N3,1,1.69E-05
M+H-C10H15NO,1,3.24E-05
M+H-C10H15NO2,1,4.37E-05
M+H-C10H15NO3,1,2.11E-05
M+H-C10H15NO5S,1,2.11E-05
M+H-C10H15O4N,1,2.40E-05
M+H-C10H15O5N,1,1.55E-05
M+H-C10H15ON,1,1.27E-05
M+H-C10H16,1,4.65E-05
M+H-C10H16N2O3S,1,1.69E-05
M+H-C10H16N2O7S,1,2.25E-05
M+H-C10H16O,1,1.41E-05
M+H-C10H16O13N5P3,1,1.83E-05
M+H-C10H16O2,1,0.000111302
M+H-C10H16O5,1,2.40E-05
M+H-C10H16O8,1,1.41E-05
M+H-C10H17F3O4,1,1.69E-05
M+H-C10H17N,1,2.82E-05
M+H-C10H17N3O6S,1,2.54E-05
M+H-C10H17NO,1,9.86E-06
M+H-C10H17NO3,1,2.25E-05
M+H-C10H18,1,1.55E-05
M+H-C10H18O,1,3.38E-05
M+H-C10H18O2,1,2.25E-05
M+H-C10H18O3,1,8.45E-06
M+H-C10H18O6,1,1.55E-05
M+H-C10H18O8,1,3.94E-05
M+H-C10H18O9,1,1.27E-05
M+H-C10H19NO,1,8.45E-06
M+H-C10H19SO6N,1,7.04E-06
M+H-C10H20N2,1,3.66E-05
M+H-C10H20O2,1,3.38E-05
M+H-C10H20O3,1,1.27E-05
M+H-C10H21N,1,8.45E-06
M+H-C10H21NO,1,1.69E-05
M+H-C10H22O2,1,2.11E-05
M+H-C10H22O3,1,1.41E-05
M+H-C10H24N4,1,1.69E-05
M+H-C10H3F3N2OS,1,1.83E-05
M+H-C10H6ClNO2,1,1.83E-05
M+H-C10H7Cl2N3O,1,2.11E-05
M+H-C10H7ClO,1,1.83E-05
M+H-C10H7NO3S,1,9.86E-06
M+H-C10H7NO4S,1,3.24E-05
M+H-C10H7ON,1,7.04E-06
M+H-C10H8,1,0.000246554
M+H-C10H8Cl2N4S,1,7.04E-06
M+H-C10H8F3NO,1,1.83E-05
M+H-C10H8F3NO5,1,2.11E-05
M+H-C10H8F6O,1,6.48E-05
M+H-C10H8FN3,1,2.82E-06
M+H-C10H8N2O2,1,2.82E-06
M+H-C10H8O,1,0.000115528
M+H-C10H9BrN2O2,1,8.45E-06
M+H-C10H9Cl2N3O2,1,2.11E-05
M+H-C10H9ClO,1,1.27E-05
M+H-C10H9ClO6,1,1.97E-05
M+H-C10H9F2NO3,1,3.66E-05
M+H-C10H9N,1,0.000198652
M+H-C10H9NO,1,2.11E-05
M+H-C10H9NO3S,1,2.54E-05
M+H-C10H9O2N,1,3.80E-05
M+H-C10H9SO3N,1,2.82E-05
M+H-C11H10,1,0.000216968
M+H-C11H10F3N3,1,5.64E-06
M+H-C11H10F3NO,1,1.83E-05
M+H-C11H10N2,1,1.83E-05
M+H-C11H10N2O,1,1.97E-05
M+H-C11H10N2O2S,1,1.97E-05
M+H-C11H10O,1,8.03E-05
M+H-C11H11Cl3N2O,1,8.45E-06
M+H-C11H11F2NO4,1,2.54E-05
M+H-C11H11F6NO5,1,1.69E-05
M+H-C11H11NO2,1,1.41E-05
M+H-C11H11NO3,1,2.11E-05
M+H-C11H11O2N,1,2.40E-05
M+H-C11H12,1,1.83E-05
M+H-C11H12ClN3O2,1,1.27E-05
M+H-C11H12F2N2O2,1,1.69E-05
M+H-C11H12N2O3,1,2.25E-05
M+H-C11H12O3,1,1.55E-05
M+H-C11H13ClSN2,1,8.45E-06
M+H-C11H13F2BrO2,1,1.69E-05
M+H-C11H13N,1,4.93E-05
M+H-C11H13N3O,1,2.25E-05
M+H-C11H13N3O2S,1,1.27E-05
M+H-C11H13N3O4,1,1.55E-05
M+H-C11H13NO,1,4.37E-05
M+H-C11H13NO4,1,0.000105666
M+H-C11H13SN3,1,2.82E-05
M+H-C11H14BrON,1,2.96E-05
M+H-C11H14ClON,1,1.27E-05
M+H-C11H14FN,1,1.27E-05
M+H-C11H14N2O,1,2.11E-05
M+H-C11H14O2,1,1.27E-05
M+H-C11H14O3,1,3.80E-05
M+H-C11H14O6,1,4.09E-05
M+H-C11H14O6S,1,2.11E-05
M+H-C11H15N,1,1.55E-05
M+H-C11H15NO,1,3.38E-05
M+H-C11H15NO2,1,2.96E-05
M+H-C11H15NO3,1,8.45E-06
M+H-C11H16N2O,1,1.55E-05
M+H-C11H16N2O5,1,1.55E-05
M+H-C11H16O2,1,3.38E-05
M+H-C11H16O7,1,3.80E-05
M+H-C11H17NO,1,4.23E-05
M+H-C11H17NO2S,1,1.97E-05
M+H-C11H17NO3,1,2.82E-05
M+H-C11H17O2N,1,5.35E-05
M+H-C11H17O4N,1,1.55E-05
M+H-C11H17O8N,1,1.97E-05
M+H-C11H17ON,1,1.97E-05
M+H-C11H17SO2N,1,1.13E-05
M+H-C11H18N2O3,1,1.69E-05
M+H-C11H18NO6P,1,1.97E-05
M+H-C11H18O,1,1.27E-05
M+H-C11H18O8,1,3.80E-05
M+H-C11H18O9,1,3.38E-05
M+H-C11H19N,1,1.27E-05
M+H-C11H19O9N,1,2.96E-05
M+H-C11H20N2O7,1,1.97E-05
M+H-C11H20O10,1,1.97E-05
M+H-C11H20O6,1,1.41E-05
M+H-C11H21N2O6P,1,1.55E-05
M+H-C11H21ON,1,5.64E-06
M+H-C11H22O11,1,1.83E-05
M+H-C11H22O2,1,1.41E-06
M+H-C11H23NO2,1,1.97E-05
M+H-C11H23NO4S,1,1.55E-05
M+H-C11H24N2,1,1.55E-05
M+H-C11H25N,1,1.27E-05
M+H-C11H7ClN4O2,1,1.83E-05
M+H-C11H7NO2,1,1.55E-05
M+H-C11H9F2NO2,1,4.37E-05
M+H-C11H9FN2O,1,2.54E-05
M+H-C11H9NO,1,2.40E-05
M+H-C11H9NO2,1,4.65E-05
M+H-C12H10N2O3,1,8.45E-06
M+H-C12H10O,1,1.55E-05
M+H-C12H10O2S,1,1.83E-05
M+H-C12H11F2NO5,1,1.97E-05
M+H-C12H11N,1,1.83E-05
M+H-C12H12,1,0.000114119
M+H-C12H12ClNO,1,2.40E-05
M+H-C12H12F2N2O3,1,1.41E-05
M+H-C12H12N2O3,1,2.40E-05
M+H-C12H12N4,1,7.04E-06
M+H-C12H12O4,1,7.04E-06
M+H-C12H13ClF3NO2,1,2.11E-05
M+H-C12H13FN2O,1,1.41E-05
M+H-C12H13FON2,1,1.83E-05
M+H-C12H13N3,1,4.09E-05
M+H-C12H13NO2,1,9.86E-06
M+H-C12H13O2N,1,1.41E-05
M+H-C12H13O3N,1,1.13E-05
M+H-C12H14BrN3O,1,1.83E-05
M+H-C12H14ClN3O,1,1.97E-05
M+H-C12H14ClON3,1,1.55E-05
M+H-C12H14FNO,1,2.25E-05
M+H-C12H14N2O4,1,2.68E-05
M+H-C12H14O4,1,1.13E-05
M+H-C12H14O5,1,1.83E-05
M+H-C12H14O7,1,1.97E-05
M+H-C12H15N,1,0.000153568
M+H-C12H15N3O,1,5.21E-05
M+H-C12H15N7O4,1,1.69E-05
M+H-C12H15NO,1,9.86E-05
M+H-C12H15ON,1,2.68E-05
M+H-C12H15ON3,1,1.97E-05
M+H-C12H15SON,1,3.80E-05
M+H-C12H16N4O6,1,1.41E-05
M+H-C12H16O,1,1.41E-05
M+H-C12H16O5,1,2.11E-05
M+H-C12H16O6,1,1.69E-05
M+H-C12H17NO,1,3.66E-05
M+H-C12H17NO2,1,1.69E-05
M+H-C12H17NO3,1,2.96E-05
M+H-C12H17O2N,1,1.55E-05
M+H-C12H17O3N,1,1.41E-05
M+H-C12H17SO2N,1,4.51E-05
M+H-C12H18O2,1,2.68E-05
M+H-C12H18O5NP,1,1.83E-05
M+H-C12H18O7,1,1.55E-05
M+H-C12H19NO,1,2.11E-05
M+H-C12H19NO2,1,5.35E-05
M+H-C12H20O,1,1.13E-05
M+H-C12H20O10,1,3.52E-05
M+H-C12H20O8,1,2.40E-05
M+H-C12H20O9,1,0.000126799
M+H-C12H21NOS,1,1.41E-05
M+H-C12H22,1,1.55E-05
M+H-C12H22O,1,2.68E-05
M+H-C12H22O10,1,6.62E-05
M+H-C12H22O11,1,6.06E-05
M+H-C12H22O9,1,1.41E-05
M+H-C12H24N4O6,1,1.83E-05
M+H-C12H24O11,1,4.23E-05
M+H-C12H24O12,1,2.25E-05
M+H-C12H26N4O6,1,1.83E-05
M+H-C12H26O,1,3.10E-05
M+H-C12H26O12,1,5.64E-06
M+H-C12H26O13,1,1.83E-05
M+H-C12H28O13,1,2.82E-06
M+H-C12H8ClNO,1,7.04E-06
M+H-C12H9AsO2,1,1.41E-05
M+H-C12H9NO,1,2.82E-05
M+H-C12HH8NS,1,2.82E-06
M+H-C13H10ClNO,1,1.97E-05
M+H-C13H11NO,1,2.54E-05
M+H-C13H11S2N,1,8.45E-06
M+H-C13H12,1,7.19E-05
M+H-C13H12N6,1,1.27E-05
M+H-C13H12O9,1,1.97E-05
M+H-C13H13NO6,1,1.69E-05
M+H-C13H14,1,3.10E-05
M+H-C13H14ClF3N2O2,1,7.04E-06
M+H-C13H14N2,1,1.41E-05
M+H-C13H14O,1,1.27E-05
M+H-C13H14O2,1,1.27E-05
M+H-C13H14O6N2,1,1.41E-05
M+H-C13H14O9,1,1.27E-05
M+H-C13H15FN2OS,1,2.11E-05
M+H-C13H15N,1,4.37E-05
M+H-C13H15N3O3,1,1.41E-05
M+H-C13H15NO,1,3.80E-05
M+H-C13H15NO2,1,8.88E-05
M+H-C13H15NO3,1,1.83E-05
M+H-C13H15O2N,1,3.94E-05
M+H-C13H16ClN,1,4.09E-05
M+H-C13H16ClN3O,1,4.23E-06
M+H-C13H16FN,1,0.000140888
M+H-C13H16FN3O,1,1.41E-05
M+H-C13H16FN3O2,1,1.41E-05
M+H-C13H16FNO,1,4.23E-05
M+H-C13H16FON,1,1.41E-05
M+H-C13H16N3O4,1,1.41E-05
M+H-C13H16O10,1,9.86E-06
M+H-C13H16O7,1,4.09E-05
M+H-C13H16O9,1,2.11E-05
M+H-C13H17ClN2O,1,7.04E-06
M+H-C13H17N,1,0.00064245
M+H-C13H17N3O,1,3.38E-05
M+H-C13H17N3O2,1,4.09E-05
M+H-C13H17NO,1,0.000318407
M+H-C13H17ON,1,0.000131026
M+H-C13H18F3N3,1,1.83E-05
M+H-C13H18O,1,2.82E-06
M+H-C13H18O10,1,1.97E-05
M+H-C13H18O2,1,5.78E-05
M+H-C13H18O5,1,1.55E-05
M+H-C13H18O8,1,5.21E-05
M+H-C13H19NO,1,1.69E-05
M+H-C13H19O3N,1,3.10E-05
M+H-C13H19O5N,1,1.97E-05
M+H-C13H20ClN,1,1.97E-05
M+H-C13H20O9,1,5.49E-05
M+H-C13H21NO4,1,2.11E-05
M+H-C13H21NO8,1,1.83E-05
M+H-C13H22O10,1,1.55E-05
M+H-C13H22O6,1,7.04E-06
M+H-C13H24N2O8,1,1.55E-05
M+H-C13H24O,1,3.10E-05
M+H-C13H25NO2,1,2.82E-06
M+H-C13H25O3N,1,1.83E-05
M+H-C13H26N2O3,1,1.27E-05
M+H-C13H8Cl2O3N2,1,1.69E-05
M+H-C13H8F3NOS,1,1.41E-05
M+H-C14H11N5,1,1.13E-05
M+H-C14H11NO2,1,7.47E-05
M+H-C14H12,1,2.82E-05
M+H-C14H12ClN,1,1.13E-05
M+H-C14H12FN3,1,1.41E-05
M+H-C14H12O10,1,1.83E-05
M+H-C14H13N,1,2.25E-05
M+H-C14H13NO,1,9.86E-06
M+H-C14H14N7,1,1.41E-05
M+H-C14H14O3,1,3.94E-05
M+H-C14H15NO,1,4.23E-06
M+H-C14H15NO3,1,1.97E-05
M+H-C14H15SO3N,1,1.27E-05
M+H-C14H16FNO,1,2.11E-05
M+H-C14H16O6,1,1.83E-05
M+H-C14H17NO,1,8.45E-05
M+H-C14H17NO2,1,1.97E-05
M+H-C14H18F3N3O3,1,1.69E-05
M+H-C14H18FN,1,8.74E-05
M+H-C14H18N2O,1,7.19E-05
M+H-C14H18N2O2,1,5.64E-05
M+H-C14H18O2,1,8.45E-06
M+H-C14H18ON2,1,1.69E-05
M+H-C14H19N,1,6.20E-05
M+H-C14H19NO,1,4.23E-05
M+H-C14H19ON,1,2.54E-05
M+H-C14H19ON3,1,1.55E-05
M+H-C14H20O10,1,1.55E-05
M+H-C14H21N3O2S,1,2.11E-05
M+H-C14H21O2N,1,1.83E-05
M+H-C14H22ClN3O3,1,1.13E-05
M+H-C14H22O11,1,1.41E-05
M+H-C14H24O2,1,2.40E-05
M+H-C14H25NO3,1,1.13E-05
M+H-C14H26N2O,1,1.97E-05
M+H-C14H26O,1,2.96E-05
M+H-C14H26O7,1,1.97E-05
M+H-C14H28O8,1,1.27E-05
M+H-C14H6ClF4NO2,1,1.83E-05
M+H-C14H9ClFN3O2,1,8.45E-06
M+H-C14H9FN2O,1,1.27E-05
M+H-C15H10O6,1,2.82E-05
M+H-C15H10O7,1,1.27E-05
M+H-C15H11NO3,1,2.40E-05
M+H-C15H12FN,1,1.41E-05
M+H-C15H12FN3O,1,1.55E-05
M+H-C15H12N2O2,1,7.04E-06
M+H-C15H12O8,1,1.27E-05
M+H-C15H16O7,1,1.27E-05
M+H-C15H18,1,1.41E-05
M+H-C15H18ClN,1,1.41E-05
M+H-C15H18FN,1,2.82E-05
M+H-C15H19BrN2O,1,1.13E-05
M+H-C15H19N,1,2.96E-05
M+H-C15H19NO2,1,2.54E-05
M+H-C15H20N2,1,4.51E-05
M+H-C15H20N2O4,1,2.40E-05
M+H-C15H20O8,1,2.25E-05
M+H-C15H21N,1,2.96E-05
M+H-C15H21N2O3,1,1.13E-05
M+H-C15H22N2O5,1,2.11E-05
M+H-C15H22N4O3S,1,1.69E-05
M+H-C15H22O10,1,1.69E-05
M+H-C15H22O9,1,3.10E-05
M+H-C15H24,1,5.07E-05
M+H-C15H24N2O,1,2.40E-05
M+H-C15H24O11,1,1.55E-05
M+H-C15H24O2N2,1,8.45E-06
M+H-C15H26S,1,2.54E-05
M+H-C15H27N,1,1.69E-05
M+H-C16H15NO4,1,2.40E-05
M+H-C16H16F6O7,1,2.25E-05
M+H-C16H16O10,1,2.25E-05
M+H-C16H18O2,1,1.97E-05
M+H-C16H18O9,1,1.97E-05
M+H-C16H19NO,1,1.97E-05
M+H-C16H20N2O,1,1.41E-05
M+H-C16H20N2O2,1,4.23E-05
M+H-C16H20N2O3,1,1.55E-05
M+H-C16H21N,1,1.27E-05
M+H-C16H21NO4,1,9.02E-05
M+H-C16H22N2O2,1,1.27E-05
M+H-C16H23N,1,1.41E-05
M+H-C16H24FNO,1,1.27E-05
M+H-C16H24N2O2,1,1.83E-05
M+H-C16H24N2O3,1,2.54E-05
M+H-C16H24O4N2,1,1.55E-05
M+H-C16H25O9N,1,2.11E-05
M+H-C16H26O2,1,1.27E-05
M+H-C16H28O14,1,1.97E-05
M+H-C16H28O3,1,2.11E-05
M+H-C16H30O15,1,1.83E-05
M+H-C16H30O2,1,1.41E-05
M+H-C16H32,1,1.55E-05
M+H-C16H32O2,1,4.79E-05
M+H-C17H10F3N3O,1,1.41E-05
M+H-C17H14O6,1,2.25E-05
M+H-C17H18O6,1,1.55E-05
M+H-C17H20O7,1,1.69E-05
M+H-C17H21NO,1,2.25E-05
M+H-C17H23N,1,1.41E-05
M+H-C17H24O3,1,1.55E-05
M+H-C17H25N3O4,1,1.41E-05
M+H-C17H26O2N2,1,4.79E-05
M+H-C17H28O13,1,1.97E-05
M+H-C17H28O7,1,3.94E-05
M+H-C17H30O15,1,1.97E-05
M+H-C17H30O8,1,2.25E-05
M+H-C17H32O16,1,1.83E-05
M+H-C18H17F2N,1,1.41E-05
M+H-C18H18O6,1,5.64E-06
M+H-C18H21NO,1,4.79E-05
M+H-C18H22O5S,1,1.69E-05
M+H-C18H24N2O2,1,1.41E-05
M+H-C18H26O4,1,7.04E-06
M+H-C18H28O,1,3.94E-05
M+H-C18H30O13,1,3.52E-05
M+H-C18H30O14,1,1.97E-05
M+H-C18H31ON,1,2.25E-05
M+H-C18H32O15,1,2.82E-06
M+H-C18H32O2,1,8.45E-06
M+H-C18H34O16,1,2.82E-06
M+H-C18H34O2,1,4.51E-05
M+H-C18H36,1,5.64E-05
M+H-C18H38O,1,4.09E-05
M+H-C19H13NO,1,8.45E-06
M+H-C19H13ON,1,7.04E-06
M+H-C19H16O3,1,1.97E-05
M+H-C19H19ClF3NO3,1,1.69E-05
M+H-C19H21N,1,1.41E-05
M+H-C19H24O9S,1,1.41E-05
M+H-C19H25SN3,1,1.41E-05
M+H-C19H27NO4,1,1.41E-05
M+H-C19H28O2N2,1,7.04E-06
M+H-C19H29NO3,1,1.41E-05
M+H-C19H32,1,3.10E-05
M+H-C19H34O11,1,2.82E-06
M+H-C19H36O12,1,2.82E-06
M+H-C19H36O3,1,2.82E-05
M+H-C19H38,1,2.96E-05
M+H-C19H38O4,1,1.41E-05
M+H-C20H21NO7,1,2.40E-05
M+H-C20H24,1,3.66E-05
M+H-C20H25O5N3,1,1.41E-05
M+H-C20H26N4O6,1,1.97E-05
M+H-C20H30O,1,2.54E-05
M+H-C20H32O10,1,1.83E-05
M+H-C20H33ON,1,3.94E-05
M+H-C20H34O11,1,2.25E-05
M+H-C20H36O11,1,2.11E-05
M+H-C20H36O12,1,3.80E-05
M+H-C20H38O12,1,1.41E-05
M+H-C20H38O13,1,3.10E-05
M+H-C20H42O,1,1.13E-05
M+H-C20H42O4NP,1,1.69E-05
M+H-C21H14O5,1,1.69E-05
M+H-C21H38O5,1,1.69E-05
M+H-C21H40O3,1,5.35E-05
M+H-C21H40SO2,1,1.83E-05
M+H-C21H41O3N,1,1.83E-05
M+H-C22H29NO,1,2.25E-05
M+H-C22H30O4,1,2.25E-05
M+H-C23H15O5P,1,1.97E-05
M+H-C23H27N3O3S,1,2.40E-05
M+H-C23H42O3,1,2.82E-06
M+H-C23H44O3,1,3.66E-05
M+H-C24H44O-2H2O,1,1.41E-06
M+H-C24H44O-H2O,1,1.41E-06
M+H-C25H27NO9,1,2.82E-06
M+H-C25H31NO10,1,1.41E-05
M+H-C25H33NO10,1,1.69E-05
M+H-C25H33NO11,1,1.55E-05
M+H-C25H35NO11,1,1.69E-05
M+H-C26H29O4N,1,2.82E-06
M+H-C26H48O18,1,1.97E-05
M+H-C27H29NO10,1,1.69E-05
M+H-C27H29O10N,1,1.83E-05
M+H-C27H31O11N,1,1.83E-05
M+H-C27H47N2O7PS,1,2.25E-05
M+H-C27H50O4,1,1.69E-05
M+H-C28H31NO10,1,1.83E-05
M+H-C28H32NO6P,1,1.41E-05
M+H-C28H33NO11,1,1.69E-05
M+H-C29H34O9,1,2.40E-05
M+H-C2Br2Cl2,1,1.13E-05
M+H-C2Cl2,1,1.13E-05
M+H-C2Cl2N2,1,1.27E-05
M+H-C2Cl2O,1,1.41E-05
M+H-C2Cl4,1,8.45E-06
M+H-C2F3O,1,1.55E-05
M+H-C2H10N2O2S,1,2.68E-05
M+H-C2H10O3,1,3.10E-05
M+H-C2H10O5,1,5.92E-05
M+H-C2H10ON,1,1.97E-05
M+H-C2H2Cl2O,1,2.11E-05
M+H-C2H2F3NO,1,1.55E-05
M+H-C2H2F3ON,1,5.21E-05
M+H-C2H2N2O,1,2.11E-05
M+H-C2H2O,1,0.001203185
M+H-C2H2O2,1,7.47E-05
M+H-C2H2O3,1,8.45E-06
M+H-C2H2ON2,1,1.97E-05
M+H-C2H2OS,1,8.45E-06
M+H-C2H3Cl2NO,1,1.83E-05
M+H-C2H3ClNO,1,1.13E-05
M+H-C2H3F3O,1,2.25E-05
M+H-C2H3N,1,4.09E-05
M+H-C2H3N3,1,0.000170475
M+H-C2H3N3-C3H6,1,2.82E-06
M+H-C2H3NO,1,0.000532557
M+H-C2H3NO3,1,1.27E-05
M+H-C2H3O,1,4.93E-05
M+H-C2H3O2N,1,2.11E-05
M+H-C2H3ON,1,0.000133844
M+H-C2H4,1,0.001779417
M+H-C2H4-H2O,1,2.82E-06
M+H-C2H4N2,1,1.83E-05
M+H-C2H4N2O,1,1.55E-05
M+H-C2H4N2O2,1,1.97E-05
M+H-C2H4N2OS,1,1.69E-05
M+H-C2H4NO2,1,1.69E-05
M+H-C2H4O,1,0.000304318
M+H-C2H4O2,1,0.00210346
M+H-C2H4O2N2,1,2.40E-05
M+H-C2H4O3S,1,2.25E-05
M+H-C2H4O4,1,1.27E-05
M+H-C2H4OS,1,4.93E-05
M+H-C2H4S,1,3.10E-05
M+H-C2H5,1,8.31E-05
M+H-C2H5ClO2,1,1.83E-05
M+H-C2H5F3O,1,1.13E-05
M+H-C2H5FO,1,4.65E-05
M+H-C2H5FO2,1,2.25E-05
M+H-C2H5FO4,1,1.97E-05
M+H-C2H5N,1,0.000564961
M+H-C2H5N-HF,1,2.82E-06
M+H-C2H5N3,1,1.55E-05
M+H-C2H5NO,1,0.000169066
M+H-C2H5NO2,1,0.000205697
M+H-C2H5O2,1,3.38E-05
M+H-C2H5O2N,1,0.000149341
M+H-C2H5ON,1,0.000215559
M+H-C2H6,1,0.000122573
M+H-C2H6FN,1,3.66E-05
M+H-C2H6N2,1,6.62E-05
M+H-C2H6N2O,1,3.38E-05
M+H-C2H6N2S,1,1.83E-05
M+H-C2H6N4O2,1,1.13E-05
M+H-C2H6O,1,0.001105972
M+H-C2H6O2,1,0.000194426
M+H-C2H6O2S,1,4.65E-05
M+H-C2H6O3,1,0.00065513
M+H-C2H6O3NP,1,1.41E-05
M+H-C2H6O4,1,1.83E-05
M+H-C2H6ON2,1,2.68E-05
M+H-C2H6OS,1,2.25E-05
M+H-C2H6S,1,0.000131026
M+H-C2H6SN2,1,1.55E-05
M+H-C2H7ClN,1,7.04E-06
M+H-C2H7N,1,0.001318713
M+H-C2H7N3,1,1.69E-05
M+H-C2H7N5,1,1.13E-05
M+H-C2H7NO,1,0.000216968
M+H-C2H7NO2,1,1.13E-05
M+H-C2H7NO2S,1,7.61E-05
M+H-C2H7NO3,1,1.97E-05
M+H-C2H7O2PS2,1,1.41E-05
M+H-C2H7O3N,1,5.21E-05
M+H-C2H7O3PS,1,1.69E-05
M+H-C2H7O4P,1,5.07E-05
M+H-C2H7ON,1,6.06E-05
M+H-C2H7PO3S,1,2.40E-05
M+H-C2H7S2O2P,1,2.68E-05
M+H-C2H7SO2N,1,2.11E-05
M+H-C2H8BrN,1,1.97E-05
M+H-C2H8FNO,1,3.24E-05
M+H-C2H8NO4P,1,3.52E-05
M+H-C2H8O,1,2.25E-05
M+H-C2H8O2,1,0.000135253
M+H-C2H8O3,1,1.41E-05
M+H-C2H8O4,1,0.000517059
M+H-C2H8O4NP,1,1.69E-05
M+H-C2H8O5,1,1.27E-05
M+H-C2H8SN,1,1.97E-05
M+H-C2H9NO,1,1.97E-05
M+H-C2H9ON,1,1.97E-05
M+H-C2HClO,1,1.41E-05
M+H-C2HNO2,1,7.19E-05
M+H-C2HNOS,1,2.25E-05
M+H-C2HO2N,1,7.33E-05
M+H-C2O2,1,7.19E-05
M+H-C2O3,1,5.64E-06
M+H-C30H23F2N3O5S2,1,1.83E-05
M+H-C30H40N2O7,1,1.83E-05
M+H-C31H36O10,1,7.33E-05
M+H-C33H38O11,1,2.40E-05
M+H-C33H40O12,1,1.97E-05
M+H-C3H10N2O2,1,1.27E-05
M+H-C3H10N2OS,1,7.04E-06
M+H-C3H10O2,1,5.64E-05
M+H-C3H10O3,1,1.55E-05
M+H-C3H10O4,1,0.000108484
M+H-C3H11FO2,1,1.83E-05
M+H-C3H11FO3,1,2.40E-05
M+H-C3H11NO,1,0.000139479
M+H-C3H11SN,1,2.96E-05
M+H-C3H12O3,1,3.38E-05
M+H-C3H12O4N,1,1.83E-05
M+H-C3H12O5,1,1.69E-05
M+H-C3H13FO3,1,1.69E-05
M+H-C3H14O4,1,1.83E-05
M+H-C3H14O6,1,1.69E-05
M+H-C3H2ClNO,1,1.55E-05
M+H-C3H2F3NO2,1,1.13E-05
M+H-C3H3F3O,1,5.64E-06
M+H-C3H3N3O,1,1.97E-05
M+H-C3H3N3O2S,1,8.45E-06
M+H-C3H3NO2,1,1.13E-05
M+H-C3H3NO3,1,1.13E-05
M+H-C3H3O2,1,4.23E-06
M+H-C3H3O2N,1,8.45E-06
M+H-C3H4Cl2,1,8.45E-06
M+H-C3H4F3NO,1,1.69E-05
M+H-C3H4N2,1,0.000118346
M+H-C3H4N4,1,5.64E-06
M+H-C3H4O,1,0.00025219
M+H-C3H4O2,1,0.00013807
M+H-C3H4O2N2,1,1.69E-05
M+H-C3H4O3,1,9.58E-05
M+H-C3H4O4,1,9.86E-06
M+H-C3H4ON4,1,8.45E-06
M+H-C3H5Cl,1,2.40E-05
M+H-C3H5ClO,1,4.65E-05
M+H-C3H5ClS,1,2.25E-05
M+H-C3H5N,1,2.68E-05
M+H-C3H5N3O,1,2.82E-05
M+H-C3H5NO,1,0.000131026
M+H-C3H5NO-CH2O,1,2.82E-06
M+H-C3H5NO2,1,1.13E-05
M+H-C3H5NO2S2,1,1.41E-05
M+H-C3H5O,1,4.23E-05
M+H-C3H5O2N,1,1.83E-05
M+H-C3H5O2N3,1,1.69E-05
M+H-C3H5O3N3,1,1.13E-05
M+H-C3H5ON,1,2.11E-05
M+H-C3H5SN3,1,2.40E-05
M+H-C3H6,1,0.001466645
M+H-C3H6N2,1,0.00015075
M+H-C3H6N2O2,1,1.83E-05
M+H-C3H6N2S,1,2.11E-05
M+H-C3H6NO4P,1,1.13E-05
M+H-C3H6O,1,0.000257825
M+H-C3H6O2,1,0.000749525
M+H-C3H6O2-C6H9NO3,1,2.82E-06
M+H-C3H6O2N2,1,1.83E-05
M+H-C3H6O2S,1,3.80E-05
M+H-C3H6O3,1,3.24E-05
M+H-C3H6O4,1,6.76E-05
M+H-C3H6ON2,1,2.25E-05
M+H-C3H6OS2,1,2.40E-05
M+H-C3H6S,1,3.80E-05
M+H-C3H7,1,1.69E-05
M+H-C3H7ClO,1,2.40E-05
M+H-C3H7ClO2,1,1.55E-05
M+H-C3H7F3O,1,1.41E-05
M+H-C3H7FO,1,3.66E-05
M+H-C3H7N,1,0.00045366
M+H-C3H7N-H2O,1,2.82E-06
M+H-C3H7N3O2,1,5.64E-06
M+H-C3H7NH2-H2O,1,2.82E-06
M+H-C3H7NO2,1,6.20E-05
M+H-C3H7NO2S,1,2.40E-05
M+H-C3H7NO3,1,1.97E-05
M+H-C3H7O,1,1.83E-05
M+H-C3H7O2N,1,6.62E-05
M+H-C3H7O2PS2,1,1.69E-05
M+H-C3H7O2S,1,1.97E-05
M+H-C3H7O3N,1,1.83E-05
M+H-C3H7O5P,1,1.27E-05
M+H-C3H7ON,1,9.16E-05
M+H-C3H8,1,7.04E-06
M+H-C3H8N2O,1,2.40E-05
M+H-C3H8NO6P,1,1.41E-05
M+H-C3H8O,1,0.000302909
M+H-C3H8O2,1,0.00026487
M+H-C3H8O3,1,0.00021415
M+H-C3H8O4,1,1.83E-05
M+H-C3H8O5,1,1.41E-05
M+H-C3H8S,1,7.47E-05
M+H-C3H9ClO3,1,1.83E-05
M+H-C3H9FO2,1,7.47E-05
M+H-C3H9N,1,0.00039026
M+H-C3H9N3,1,1.69E-05
M+H-C3H9NO,1,6.76E-05
M+H-C3H9NO2,1,4.93E-05
M+H-C3H9O2,1,1.27E-05
M+H-C3H9O6P,1,1.41E-05
M+H-C3H9ON,1,7.75E-05
M+H-C3HF3N2OS,1,2.11E-05
M+H-C4H10N,1,2.82E-05
M+H-C4H10N2,1,3.66E-05
M+H-C4H10O,1,0.000625543
M+H-C4H10O2,1,4.65E-05
M+H-C4H10O3,1,3.66E-05
M+H-C4H10O4,1,1.41E-05
M+H-C4H10O4S,1,1.83E-05
M+H-C4H10O5,1,7.75E-05
M+H-C4H10O6,1,1.69E-05
M+H-C4H11N,1,0.000381807
M+H-C4H11NO,1,0.000105666
M+H-C4H11NOS,1,2.11E-05
M+H-C4H11O2N,1,1.13E-05
M+H-C4H11O2PS2,1,5.21E-05
M+H-C4H11ON,1,4.79E-05
M+H-C4H11SO3P,1,2.11E-05
M+H-C4H12F2O5,1,1.83E-05
M+H-C4H12N2,1,4.37E-05
M+H-C4H12O2,1,0.000121164
M+H-C4H12O6,1,1.27E-05
M+H-C4H13NO,1,3.38E-05
M+H-C4H13NO2S,1,1.27E-05
M+H-C4H13O2N,1,1.97E-05
M+H-C4H13ON,1,3.38E-05
M+H-C4H14O3,1,4.65E-05
M+H-C4H3Cl2N,1,1.27E-05
M+H-C4H3N5,1,1.97E-05
M+H-C4H3O2S2,1,2.11E-05
M+H-C4H4ClN3,1,2.25E-05
M+H-C4H4N2,1,2.82E-06
M+H-C4H4N3S,1,1.69E-05
M+H-C4H4N4O3S,1,8.45E-06
M+H-C4H4O,1,0.000135253
M+H-C4H4O2,1,0.00013807
M+H-C4H4O3,1,2.40E-05
M+H-C4H4O3S2,1,1.27E-05
M+H-C4H4S,1,7.19E-05
M+H-C4H5N3,1,4.51E-05
M+H-C4H5N3S,1,1.27E-05
M+H-C4H5NO,1,1.27E-05
M+H-C4H5NO4,1,5.64E-06
M+H-C4H5O3N,1,8.17E-05
M+H-C4H5O4N,1,2.11E-05
M+H-C4H5ON3,1,2.25E-05
M+H-C4H5SN3,1,1.13E-05
M+H-C4H6,1,9.30E-05
M+H-C4H6-CO,1,2.82E-06
M+H-C4H6F3O3N,1,1.69E-05
M+H-C4H6N2O,1,2.40E-05
M+H-C4H6N2O2,1,1.69E-05
M+H-C4H6O,1,8.88E-05
M+H-C4H6O2,1,5.64E-05
M+H-C4H6O3,1,9.44E-05
M+H-C4H6O4,1,7.04E-05
M+H-C4H6SO,1,2.11E-05
M+H-C4H7F,1,1.13E-05
M+H-C4H7N,1,5.64E-05
M+H-C4H7N3,1,1.41E-05
M+H-C4H7NO,1,3.52E-05
M+H-C4H7NO2,1,1.13E-05
M+H-C4H7NO3,1,4.09E-05
M+H-C4H7O2N,1,3.38E-05
M+H-C4H7ON,1,3.66E-05
M+H-C4H7SO2N,1,2.54E-05
M+H-C4H8,1,0.002366921
M+H-C4H8N2,1,1.69E-05
M+H-C4H8N2O2,1,1.55E-05
M+H-C4H8NO4P,1,1.55E-05
M+H-C4H8NPO5S,1,2.82E-05
M+H-C4H8O,1,0.000119755
M+H-C4H8O2,1,0.000177519
M+H-C4H8O2S,1,1.97E-05
M+H-C4H8O3,1,5.78E-05
M+H-C4H8O3N2,1,2.40E-05
M+H-C4H8O4,1,0.00015075
M+H-C4H8O5,1,1.97E-05
M+H-C4H8O6,1,8.45E-06
M+H-C4H8OS2,1,3.24E-05
M+H-C4H9F,1,2.25E-05
M+H-C4H9N,1,0.000663583
M+H-C4H9N2O2S,1,1.55E-05
M+H-C4H9NO,1,0.00027755
M+H-C4H9NO2,1,7.33E-05
M+H-C4H9NO3,1,2.82E-05
M+H-C4H9NO3S,1,1.55E-05
M+H-C4H9NOS,1,1.27E-05
M+H-C4H9O2N,1,5.92E-05
M+H-C4H9O2PS,1,0.000114119
M+H-C4H9O3P,1,8.17E-05
M+H-C4H9O5P,1,8.45E-06
M+H-C4H9ON,1,7.33E-05
M+H-C5H10,1,0.000387442
M+H-C5H10N2O2S,1,7.04E-06
M+H-C5H10N2O3,1,7.75E-05
M+H-C5H10N2S,1,1.27E-05
M+H-C5H10O,1,9.02E-05
M+H-C5H10O2,1,0.000183155
M+H-C5H10O3,1,7.89E-05
M+H-C5H10O4,1,4.51E-05
M+H-C5H10O5,1,3.38E-05
M+H-C5H10ON2,1,1.55E-05
M+H-C5H10OS,1,2.25E-05
M+H-C5H10OS2,1,2.25E-05
M+H-C5H11,1,1.27E-05
M+H-C5H11ClOS,1,1.27E-05
M+H-C5H11FO2,1,2.11E-05
M+H-C5H11N,1,0.000204288
M+H-C5H11N3O2S,1,1.97E-05
M+H-C5H11NO,1,0.000108484
M+H-C5H11NO2,1,8.88E-05
M+H-C5H11NOS,1,2.96E-05
M+H-C5H11O2N,1,3.10E-05
M+H-C5H11ON,1,0.00012539
M+H-C5H11SON,1,8.45E-06
M+H-C5H12N2,1,0.000209923
M+H-C5H12N2O2,1,3.66E-05
M+H-C5H12O,1,0.000174701
M+H-C5H12O2,1,3.80E-05
M+H-C5H12O3,1,3.38E-05
M+H-C5H12O4,1,5.64E-06
M+H-C5H12O6,1,1.83E-05
M+H-C5H12ON2,1,6.76E-05
M+H-C5H12S,1,2.82E-05
M+H-C5H13FO3,1,1.97E-05
M+H-C5H13N,1,0.000187381
M+H-C5H13NO,1,6.76E-05
M+H-C5H13NO2S,1,1.69E-05
M+H-C5H13O2N,1,2.40E-05
M+H-C5H13ON,1,1.13E-05
M+H-C5H13ON3,1,1.69E-05
M+H-C5H13SO3N,1,1.83E-05
M+H-C5H14N2,1,1.27E-05
M+H-C5H14NO4P,1,5.64E-06
M+H-C5H14O2,1,1.69E-05
M+H-C5H14O4,1,1.83E-05
M+H-C5H14O5,1,5.64E-06
M+H-C5H15NO,1,2.54E-05
M+H-C5H15SO4N,1,1.69E-05
M+H-C5H3ClN4O,1,1.69E-05
M+H-C5H3NO2,1,9.86E-06
M+H-C5H4Cl2N2,1,2.40E-05
M+H-C5H4O3,1,3.80E-05
M+H-C5H4OS,1,2.25E-05
M+H-C5H5ClO3,1,2.40E-05
M+H-C5H5N,1,2.40E-05
M+H-C5H5N3O3,1,2.25E-05
M+H-C5H5N5,1,5.49E-05
M+H-C5H5N5O,1,7.04E-06
M+H-C5H6,1,7.47E-05
M+H-C5H6F2O3,1,9.86E-06
M+H-C5H6N2,1,5.64E-05
M+H-C5H6N2O,1,1.13E-05
M+H-C5H6N2O2,1,2.11E-05
M+H-C5H6N4O2,1,9.86E-06
M+H-C5H6O3,1,1.97E-05
M+H-C5H6O4,1,2.25E-05
M+H-C5H6S,1,3.52E-05
M+H-C5H7Br,1,2.54E-05
M+H-C5H7ClN2O2S,1,1.97E-05
M+H-C5H7FO3,1,2.68E-05
M+H-C5H7NO,1,9.86E-06
M+H-C5H7NO3,1,9.58E-05
M+H-C5H7O2N,1,2.25E-05
M+H-C5H7O3N,1,3.80E-05
M+H-C5H7O5PS,1,1.69E-05
M+H-C5H7O6P,1,3.10E-05
M+H-C5H7O6P-C6H7N,1,2.82E-06
M+H-C5H7ON,1,3.66E-05
M+H-C5H7ON3,1,2.54E-05
M+H-C5H7PO6,1,5.64E-06
M+H-C5H7PO6-NH3,1,2.82E-06
M+H-C5H7SO,1,1.41E-06
M+H-C5H7SO2N3,1,9.86E-06
M+H-C5H8,1,0.000162021
M+H-C5H8Cl2O4,1,1.97E-05
M+H-C5H8N2O,1,1.27E-05
M+H-C5H8N2O4S,1,8.45E-06
M+H-C5H8O,1,9.44E-05
M+H-C5H8O2,1,0.000118346
M+H-C5H8O2N2,1,1.55E-05
M+H-C5H8O3,1,0.000191608
M+H-C5H8O4,1,0.000393078
M+H-C5H8O5,1,1.97E-05
M+H-C5H8ON2,1,4.65E-05
M+H-C5H9ClOS,1,1.69E-05
M+H-C5H9F,1,1.83E-05
M+H-C5H9FO2,1,7.04E-06
M+H-C5H9N,1,0.00013807
M+H-C5H9NO,1,0.000107075
M+H-C5H9NO2,1,9.86E-06
M+H-C5H9NO3,1,1.55E-05
M+H-C5H9NO4,1,0.000194426
M+H-C5H9NO4+H2O,1,2.82E-05
M+H-C5H9NS,1,2.11E-05
M+H-C5H9O2N,1,3.38E-05
M+H-C5H9O4N,1,3.80E-05
M+H-C5H9O6P,1,8.45E-06
M+H-C5H9O7P,1,5.92E-05
M+H-C5H9ON,1,8.74E-05
M+H-C5H9SO3N,1,1.69E-05
M+H-C6H10,1,0.000414211
M+H-C6H10N2O,1,1.83E-05
M+H-C6H10N2O2,1,1.13E-05
M+H-C6H10O,1,0.000128208
M+H-C6H10O2,1,5.21E-05
M+H-C6H10O2S,1,1.97E-05
M+H-C6H10O3,1,6.48E-05
M+H-C6H10O4,1,0.000316998
M+H-C6H10O5,1,0.00100735
M+H-C6H10O6,1,2.25E-05
M+H-C6H10O7,1,0.000190199
M+H-C6H10SO3,1,8.45E-06
M+H-C6H10SO4NP,1,1.69E-05
M+H-C6H11N,1,9.30E-05
M+H-C6H11N3,1,4.37E-05
M+H-C6H11NO,1,8.74E-05
M+H-C6H11NO2,1,4.37E-05
M+H-C6H11NO4,1,3.94E-05
M+H-C6H11O2N,1,2.11E-05
M+H-C6H11O6N,1,1.83E-05
M+H-C6H11ON,1,4.23E-05
M+H-C6H12,1,0.000146524
M+H-C6H12Cl3ON,1,1.13E-05
M+H-C6H12ClNO,1,1.69E-05
M+H-C6H12N2O,1,1.69E-05
M+H-C6H12N2O2,1,1.55E-05
M+H-C6H12N2O2S,1,9.86E-06
M+H-C6H12N2O3,1,1.97E-05
M+H-C6H12O,1,0.000205697
M+H-C6H12O2,1,6.62E-05
M+H-C6H12O3,1,5.64E-05
M+H-C6H12O3S,1,1.69E-05
M+H-C6H12O4,1,2.25E-05
M+H-C6H12O5,1,0.000111302
M+H-C6H12O6,1,0.000305727
M+H-C6H12O8,1,8.03E-05
M+H-C6H12SO2N2,1,2.11E-05
M+H-C6H13N,1,3.94E-05
M+H-C6H13N2O2S,1,1.69E-05
M+H-C6H13NO,1,0.000102848
M+H-C6H13NO2,1,6.20E-05
M+H-C6H13NO3,1,2.40E-05
M+H-C6H13O,1,5.07E-05
M+H-C6H13O2N,1,4.23E-05
M+H-C6H13ON,1,1.55E-05
M+H-C6H13SO2N2,1,1.55E-05
M+H-C6H13SO2N3,1,1.13E-05
M+H-C6H14N2,1,1.83E-05
M+H-C6H14N2O,1,2.40E-05
M+H-C6H14N2O2,1,1.27E-05
M+H-C6H14N2O2S,1,2.82E-05
M+H-C6H14N2OS,1,1.13E-05
M+H-C6H14O,1,0.000114119
M+H-C6H14O2,1,8.03E-05
M+H-C6H14O3,1,1.55E-05
M+H-C6H14O4,1,1.97E-05
M+H-C6H14O5,1,5.78E-05
M+H-C6H14O6,1,1.55E-05
M+H-C6H14O7,1,8.59E-05
M+H-C6H14O9,1,2.82E-06
M+H-C6H15N,1,0.000126799
M+H-C6H15N3,1,1.55E-05
M+H-C6H15NO,1,1.97E-05
M+H-C6H15NO4,1,4.37E-05
M+H-C6H15O3N,1,9.86E-06
M+H-C6H15O4N,1,2.11E-05
M+H-C6H15ON,1,1.27E-05
M+H-C6H15SO5N,1,2.11E-05
M+H-C6H16N2,1,0.000119755
M+H-C6H16N2O2S,1,5.64E-05
M+H-C6H16N2O2S+N2,1,2.82E-05
M+H-C6H16O10,1,2.82E-06
M+H-C6H16O6,1,1.55E-05
M+H-C6H16O7,1,2.11E-05
M+H-C6H16O8,1,1.83E-05
M+H-C6H17NO2,1,1.41E-05
M+H-C6H18O8,1,2.11E-05
M+H-C6H2Cl2N2O,1,1.27E-05
M+H-C6H3BrCl2O,1,1.13E-05
M+H-C6H3Cl2SO2,1,2.82E-06
M+H-C6H3Cl2SO2-C2H4,1,2.82E-06
M+H-C6H3N2O6S,1,2.11E-05
M+H-C6H4,1,1.97E-05
M+H-C6H4BrN3S,1,8.45E-06
M+H-C6H4BrSO2,1,2.82E-06
M+H-C6H4BrSO2-C2H4,1,2.82E-06
M+H-C6H4Cl,1,7.04E-06
M+H-C6H4Cl2O,1,3.10E-05
M+H-C6H4ClFO,1,2.11E-05
M+H-C6H4F3NO,1,2.40E-05
M+H-C6H4FN4O3S,1,8.45E-06
M+H-C6H4N2O,1,2.54E-05
M+H-C6H4SO4N,1,1.55E-05
M+H-C6H5,1,9.86E-06
M+H-C6H5Br,1,3.38E-05
M+H-C6H5CH2NH2,1,2.82E-06
M+H-C6H5CH2NH2-CO,1,2.82E-06
M+H-C6H5CO2H,1,2.82E-06
M+H-C6H5CO2H-CH3OH,1,2.82E-06
M+H-C6H5Cl,1,8.59E-05
M+H-C6H5Cl2N3O,1,1.97E-05
M+H-C6H5Cl2NO2S,1,9.86E-06
M+H-C6H5ClO2N2,1,1.27E-05
M+H-C6H5F,1,2.96E-05
M+H-C6H5F2N,1,6.62E-05
M+H-C6H5F3N2O2S,1,1.55E-05
M+H-C6H5FS,1,2.82E-06
M+H-C6H5N3,1,1.55E-05
M+H-C6H5N3O4,1,2.82E-05
M+H-C6H5N5,1,2.40E-05
M+H-C6H5NO2S,1,2.11E-05
M+H-C6H5O2S,1,1.83E-05
M+H-C6H5O4N3,1,1.83E-05
M+H-C6H5SO4N,1,1.13E-05
M+H-C6H6,1,0.000262052
M+H-C6H6ClN,1,7.47E-05
M+H-C6H6ClSO2N,1,1.41E-05
M+H-C6H6FNO2S,1,1.69E-05
M+H-C6H6N,1,4.65E-05
M+H-C6H6N2O2S,1,1.55E-05
M+H-C6H6O,1,0.000250781
M+H-C6H6O2,1,4.51E-05
M+H-C6H6O2N2,1,7.04E-06
M+H-C6H6O3,1,0.000205697
M+H-C6H6OS,1,2.40E-05
M+H-C6H6S,1,0.000115528
M+H-C6H7F3N2OS,1,1.97E-05
M+H-C6H7FN2,1,3.80E-05
M+H-C6H7FN2O,1,1.55E-05
M+H-C6H7N,1,0.000316998
M+H-C6H7NO,1,8.03E-05
M+H-C6H7NO2S,1,2.68E-05
M+H-C6H7NO3,1,9.86E-06
M+H-C6H7NOS,1,1.97E-05
M+H-C6H7ON,1,2.96E-05
M+H-C6H7S2O4N,1,1.13E-05
M+H-C6H7SO2N,1,1.97E-05
M+H-C6H8,1,3.38E-05
M+H-C6H8BrN3O,1,8.45E-06
M+H-C6H8ClSO4N3,1,1.55E-05
M+H-C6H8N2,1,4.09E-05
M+H-C6H8N2O,1,1.69E-05
M+H-C6H8N2O2S,1,1.13E-05
M+H-C6H8N2O3,1,4.37E-05
M+H-C6H8O,1,3.66E-05
M+H-C6H8O2,1,9.02E-05
M+H-C6H8O3,1,7.04E-06
M+H-C6H8O3N2,1,1.55E-05
M+H-C6H8O4,1,2.11E-05
M+H-C6H8O6,1,0.000896049
M+H-C6H9FO2,1,2.11E-05
M+H-C6H9N,1,1.55E-05
M+H-C6H9N3,1,1.41E-05
M+H-C6H9N3O2,1,2.82E-06
M+H-C6H9N7O2S,1,1.55E-05
M+H-C6H9NO,1,1.69E-05
M+H-C6H9NO2,1,2.96E-05
M+H-C6H9NO3,1,6.48E-05
M+H-C6H9NO5,1,2.82E-05
M+H-C6H9O3N,1,2.68E-05
M+H-C6H9ON,1,2.25E-05
M+H-C6H9SO2N,1,2.11E-05
M+H-C7H10,1,6.90E-05
M+H-C7H10ClN3O,1,2.40E-05
M+H-C7H10ClNO2S,1,1.13E-05
M+H-C7H10ClNO3S,1,1.55E-05
M+H-C7H10N2,1,9.86E-06
M+H-C7H10N2O,1,8.45E-06
M+H-C7H10N2O2,1,1.27E-05
M+H-C7H10N4O3,1,1.83E-05
M+H-C7H10O,1,3.66E-05
M+H-C7H10O2,1,6.06E-05
M+H-C7H10O5,1,2.82E-05
M+H-C7H11Cl2NO,1,1.83E-05
M+H-C7H11F3O4,1,1.97E-05
M+H-C7H11N,1,8.45E-06
M+H-C7H11NO,1,8.17E-05
M+H-C7H11NO2,1,1.69E-05
M+H-C7H11NO3,1,2.54E-05
M+H-C7H11NO4,1,4.23E-06
M+H-C7H11O2N3,1,9.86E-06
M+H-C7H11O3,1,2.82E-06
M+H-C7H11ON,1,4.79E-05
M+H-C7H12,1,8.31E-05
M+H-C7H12ClNO4S,1,1.55E-05
M+H-C7H12N2S,1,1.27E-05
M+H-C7H12N4O3,1,2.11E-05
M+H-C7H12O,1,4.23E-05
M+H-C7H12O2,1,2.25E-05
M+H-C7H12O3,1,2.40E-05
M+H-C7H12O5,1,3.80E-05
M+H-C7H12O6,1,5.35E-05
M+H-C7H13NO,1,2.68E-05
M+H-C7H13NO2,1,1.27E-05
M+H-C7H13NO3,1,4.79E-05
M+H-C7H13O3N,1,1.97E-05
M+H-C7H13O4N,1,1.83E-05
M+H-C7H13O4N3,1,1.83E-05
M+H-C7H13ON,1,1.41E-05
M+H-C7H14,1,0.000374762
M+H-C7H14N2O,1,3.24E-05
M+H-C7H14N2O3,1,7.04E-06
M+H-C7H14O,1,0.000111302
M+H-C7H14O2,1,3.24E-05
M+H-C7H14O4,1,2.82E-06
M+H-C7H14O6,1,2.40E-05
M+H-C7H15N,1,1.83E-05
M+H-C7H16N2,1,1.69E-05
M+H-C7H16N2O2,1,1.27E-05
M+H-C7H16N2O3,1,1.27E-05
M+H-C7H16O2,1,4.79E-05
M+H-C7H16O3,1,5.35E-05
M+H-C7H16O6,1,5.64E-06
M+H-C7H16O7,1,1.97E-05
M+H-C7H17N,1,8.45E-06
M+H-C7H17NO4,1,2.11E-05
M+H-C7H18O4,1,1.69E-05
M+H-C7H18O7,1,2.82E-06
M+H-C7H18O8,1,2.11E-05
M+H-C7H20O5,1,1.41E-05
M+H-C7H4BrNO,1,1.83E-05
M+H-C7H4Cl2O2,1,9.86E-06
M+H-C7H4ClN3,1,9.86E-06
M+H-C7H4ClNO,1,3.80E-05
M+H-C7H4ClON,1,5.64E-06
M+H-C7H4ClSO3N,1,9.86E-06
M+H-C7H4FN,1,9.86E-06
M+H-C7H4O2,1,5.21E-05
M+H-C7H5Cl,1,7.04E-06
M+H-C7H5ClF3N,1,3.80E-05
M+H-C7H5F2NO,1,2.25E-05
M+H-C7H5F2NO2,1,1.13E-05
M+H-C7H5F2ON,1,1.41E-05
M+H-C7H5F3O,1,2.25E-05
M+H-C7H5F4N,1,2.82E-05
M+H-C7H5FO2,1,3.10E-05
M+H-C7H5NO,1,0.000160612
M+H-C7H5NO2,1,5.92E-05
M+H-C7H5NS,1,1.97E-05
M+H-C7H5NS2,1,1.97E-05
M+H-C7H5O,1,1.97E-05
M+H-C7H5ON,1,6.48E-05
M+H-C7H6Br2N2O2,1,1.55E-05
M+H-C7H6Cl2O,1,1.69E-05
M+H-C7H6ClF3N2,1,7.04E-06
M+H-C7H6ClNO,1,2.11E-05
M+H-C7H6ClNO2,1,1.27E-05
M+H-C7H6ClNOS,1,5.64E-06
M+H-C7H6F3N,1,1.83E-05
M+H-C7H6F3NO,1,5.92E-05
M+H-C7H6F3NO2S,1,1.83E-05
M+H-C7H6F4O3N4,1,2.25E-05
M+H-C7H6N2,1,8.59E-05
M+H-C7H6N2O,1,2.82E-05
M+H-C7H6N2OS,1,9.86E-06
M+H-C7H6NO4S,1,1.97E-05
M+H-C7H6O,1,5.64E-05
M+H-C7H6O2,1,0.000178928
M+H-C7H6O3,1,0.000194426
M+H-C7H6O5,1,8.74E-05
M+H-C7H7BrN2O,1,1.97E-05
M+H-C7H7Cl,1,1.69E-05
M+H-C7H7ClF3NO,1,1.55E-05
M+H-C7H7ClN2O3S,1,1.27E-05
M+H-C7H7ClO,1,1.27E-05
M+H-C7H7ClO2S,1,1.41E-05
M+H-C7H7ClS,1,2.82E-06
M+H-C7H7F3N2O3S,1,1.55E-05
M+H-C7H7F3O2,1,3.80E-05
M+H-C7H7N,1,7.33E-05
M+H-C7H7N-CH3N,1,2.82E-06
M+H-C7H7N3O3,1,2.40E-05
M+H-C7H7N3O3S,1,1.69E-05
M+H-C7H7NO,1,5.78E-05
M+H-C7H7NO2,1,7.89E-05
M+H-C7H7NO2S,1,1.83E-05
M+H-C7H7NO3,1,3.10E-05
M+H-C7H7NO3S,1,2.68E-05
M+H-C7H7NO4,1,4.23E-05
M+H-C7H7NS,1,2.68E-05
M+H-C7H7O2N,1,2.82E-05
M+H-C7H7O2S,1,7.04E-06
M+H-C7H7O3N,1,8.45E-06
M+H-C7H7ON,1,1.13E-05
M+H-C7H7SON,1,2.25E-05
M+H-C7H8,1,3.52E-05
M+H-C7H8ClN,1,1.97E-05
M+H-C7H8ClNO2S,1,1.55E-05
M+H-C7H8FN,1,7.47E-05
M+H-C7H8FNO2S,1,1.55E-05
M+H-C7H8N2O,1,1.13E-05
M+H-C7H8N2O2,1,1.55E-05
M+H-C7H8N2O5,1,1.83E-05
M+H-C7H8N4O2,1,1.55E-05
M+H-C7H8N4O5S,1,2.54E-05
M+H-C7H8O,1,0.000102848
M+H-C7H8O2,1,0.000104257
M+H-C7H8O3,1,0.000215559
M+H-C7H8O3S,1,1.97E-05
M+H-C7H8O4,1,5.78E-05
M+H-C7H8O6,1,1.41E-05
M+H-C7H8S,1,2.40E-05
M+H-C7H9F3O3,1,3.80E-05
M+H-C7H9N,1,0.000156386
M+H-C7H9N3,1,1.97E-05
M+H-C7H9N5,1,2.11E-05
M+H-C7H9NO,1,7.89E-05
M+H-C7H9NO3S,1,3.10E-05
M+H-C7H9NOS,1,7.04E-06
M+H-C7H9ON,1,8.45E-06
M+H-C8H10,1,4.51E-05
M+H-C8H10BrN,1,1.97E-05
M+H-C8H10ClNO3S,1,1.13E-05
M+H-C8H10F6N2O2,1,1.55E-05
M+H-C8H10N2,1,1.69E-05
M+H-C8H10N2O2,1,1.97E-05
M+H-C8H10N2O5,1,2.11E-05
M+H-C8H10O,1,8.88E-05
M+H-C8H10O2,1,0.000170475
M+H-C8H10O3,1,7.89E-05
M+H-C8H10O4,1,1.41E-05
M+H-C8H10O5,1,1.69E-05
M+H-C8H10S,1,5.64E-05
M+H-C8H11ClN2O,1,2.40E-05
M+H-C8H11ClN4O,1,1.41E-05
M+H-C8H11ClN4O4S2,1,2.25E-05
M+H-C8H11N,1,8.03E-05
M+H-C8H11N3O,1,2.11E-05
M+H-C8H11NO,1,2.11E-05
M+H-C8H11NO3,1,1.97E-05
M+H-C8H11NO4,1,1.69E-05
M+H-C8H11O2N,1,1.83E-05
M+H-C8H12,1,1.13E-05
M+H-C8H12N2O,1,1.69E-05
M+H-C8H12N4,1,7.04E-06
M+H-C8H12O,1,3.24E-05
M+H-C8H12O2,1,2.11E-05
M+H-C8H12O3,1,2.82E-06
M+H-C8H12O4,1,2.25E-05
M+H-C8H12O6,1,1.27E-05
M+H-C8H12OS2,1,2.11E-05
M+H-C8H13N3,1,2.25E-05
M+H-C8H13N3O,1,8.45E-06
M+H-C8H13N3O2,1,8.45E-06
M+H-C8H13NO,1,2.82E-05
M+H-C8H13NO2,1,1.97E-05
M+H-C8H13NO3,1,3.52E-05
M+H-C8H13O2N,1,2.54E-05
M+H-C8H13O5N,1,2.68E-05
M+H-C8H13ON,1,2.40E-05
M+H-C8H14,1,1.55E-05
M+H-C8H14O,1,2.11E-05
M+H-C8H14O2,1,7.33E-05
M+H-C8H14O3,1,6.62E-05
M+H-C8H14O4,1,1.83E-05
M+H-C8H14O6,1,5.64E-06
M+H-C8H14O7,1,1.55E-05
M+H-C8H15N,1,2.54E-05
M+H-C8H15NO,1,2.25E-05
M+H-C8H15NO6,1,2.40E-05
M+H-C8H15O4N,1,1.27E-05
M+H-C8H15ON,1,1.83E-05
M+H-C8H15SON,1,2.40E-05
M+H-C8H16,1,0.000112711
M+H-C8H16N2O4,1,1.83E-05
M+H-C8H16N4O4,1,2.96E-05
M+H-C8H16NO2,1,2.82E-06
M+H-C8H16O,1,6.20E-05
M+H-C8H16O2,1,5.49E-05
M+H-C8H16O2N2,1,1.97E-05
M+H-C8H16O3,1,1.97E-05
M+H-C8H16O4,1,2.96E-05
M+H-C8H16O6,1,1.41E-05
M+H-C8H16O8,1,1.97E-05
M+H-C8H17N,1,4.51E-05
M+H-C8H17NO5,1,1.41E-05
M+H-C8H17O5N,1,1.69E-05
M+H-C8H18N2OS,1,9.86E-06
M+H-C8H18O,1,8.59E-05
M+H-C8H18O2,1,4.37E-05
M+H-C8H18O3,1,2.68E-05
M+H-C8H18O7,1,1.41E-05
M+H-C8H18O9,1,1.69E-05
M+H-C8H18OS,1,1.97E-05
M+H-C8H19NO2,1,1.41E-05
M+H-C8H20O4,1,1.69E-05
M+H-C8H22O5,1,1.55E-05
M+H-C8H2Cl4,1,1.13E-05
M+H-C8H3Cl3,1,7.04E-06
M+H-C8H3ClF3NO,1,1.83E-05
M+H-C8H3F4NO,1,1.55E-05
M+H-C8H4F3NO3S,1,1.69E-05
M+H-C8H4F3NO4S,1,1.97E-05
M+H-C8H4F3O2N,1,1.97E-05
M+H-C8H4FON,1,9.86E-06
M+H-C8H4O3,1,1.27E-05
M+H-C8H5ClO,1,3.80E-05
M+H-C8H5F3N2,1,3.38E-05
M+H-C8H5N3,1,2.82E-06
M+H-C8H5NO,1,1.69E-05
M+H-C8H5ON,1,9.86E-06
M+H-C8H6Cl2O2,1,7.04E-06
M+H-C8H6F2N2O,1,3.94E-05
M+H-C8H6F3N,1,1.97E-05
M+H-C8H6F3NO,1,1.27E-05
M+H-C8H6N2O2S,1,5.64E-06
M+H-C8H6N2OS,1,4.09E-05
M+H-C8H6O,1,9.86E-05
M+H-C8H6O2,1,3.10E-05
M+H-C8H6O3,1,1.69E-05
M+H-C8H7Cl,1,3.66E-05
M+H-C8H7Cl2NO2,1,8.45E-06
M+H-C8H7ClN2O3,1,1.69E-05
M+H-C8H7ClO2,1,5.78E-05
M+H-C8H7N,1,1.41E-05
M+H-C8H7N3,1,3.94E-05
M+H-C8H7N3O,1,1.55E-05
M+H-C8H7NO,1,8.59E-05
M+H-C8H7O2,1,1.27E-05
M+H-C8H7ON,1,2.54E-05
M+H-C8H7SO3N,1,9.86E-06
M+H-C8H8,1,7.61E-05
M+H-C8H8ClNO,1,1.55E-05
M+H-C8H8F3NO3,1,2.11E-05
M+H-C8H8FNO,1,1.97E-05
M+H-C8H8N2,1,1.13E-05
M+H-C8H8N2O,1,0.000100031
M+H-C8H8N2O3S,1,1.41E-05
M+H-C8H8N2O4S,1,1.27E-05
M+H-C8H8N4,1,1.13E-05
M+H-C8H8O,1,6.20E-05
M+H-C8H8O2,1,9.16E-05
M+H-C8H8O2S,1,2.11E-05
M+H-C8H8O3,1,3.80E-05
M+H-C8H8O4,1,0.000121164
M+H-C8H8O5,1,1.69E-05
M+H-C8H9BrO,1,1.69E-05
M+H-C8H9ClFNO,1,1.55E-05
M+H-C8H9ClO3,1,1.27E-05
M+H-C8H9F3N2O2S,1,9.86E-06
M+H-C8H9N,1,1.69E-05
M+H-C8H9N3O4S,1,1.69E-05
M+H-C8H9NO,1,0.000109893
M+H-C8H9NO2S,1,2.25E-05
M+H-C8H9NO4S,1,3.66E-05
M+H-C8H9NOS,1,1.13E-05
M+H-C8H9O2S,1,1.55E-05
M+H-C8H9ON,1,3.94E-05
M+H-C8H9SO4N,1,2.11E-05
M+H-C9H10,1,0.000136661
M+H-C9H10ClF3O2,1,1.13E-05
M+H-C9H10ClN,1,1.69E-05
M+H-C9H10ClNO,1,1.55E-05
M+H-C9H10FNO,1,4.51E-05
M+H-C9H10N2,1,9.86E-06
M+H-C9H10N2O2,1,1.55E-05
M+H-C9H10N2O2S,1,1.97E-05
M+H-C9H10N2O3S,1,3.94E-05
M+H-C9H10N2S,1,1.41E-05
M+H-C9H10O,1,0.000140888
M+H-C9H10O2,1,0.000136661
M+H-C9H10O3,1,0.000108484
M+H-C9H10O4,1,0.000135253
M+H-C9H10O5,1,4.51E-05
M+H-C9H11NO,1,0.000157795
M+H-C9H11NO2,1,3.94E-05
M+H-C9H11NO3S,1,2.82E-05
M+H-C9H11NO4S,1,5.92E-05
M+H-C9H11O4N,1,1.55E-05
M+H-C9H11ON,1,3.66E-05
M+H-C9H11SON3,1,1.27E-05
M+H-C9H12ClN,1,2.40E-05
M+H-C9H12N2O,1,7.04E-06
M+H-C9H12NO,1,1.69E-05
M+H-C9H12O,1,1.41E-05
M+H-C9H12O2,1,6.62E-05
M+H-C9H12O3,1,6.90E-05
M+H-C9H12O4,1,2.25E-05
M+H-C9H12O5,1,4.09E-05
M+H-C9H12O6,1,6.34E-05
M+H-C9H12ON2,1,1.69E-05
M+H-C9H13N,1,2.11E-05
M+H-C9H13NO2,1,3.94E-05
M+H-C9H13NO3,1,4.23E-05
M+H-C9H13NO4S,1,1.83E-05
M+H-C9H13O2N,1,1.97E-05
M+H-C9H13O4N,1,2.40E-05
M+H-C9H13O7P,1,2.25E-05
M+H-C9H13ON,1,1.83E-05
M+H-C9H14,1,8.74E-05
M+H-C9H14N2O2,1,2.40E-05
M+H-C9H14N2O3,1,2.40E-05
M+H-C9H14N2O7,1,1.97E-05
M+H-C9H14O,1,4.09E-05
M+H-C9H14O2,1,1.41E-05
M+H-C9H14O6,1,1.41E-05
M+H-C9H15N,1,2.82E-05
M+H-C9H15NO3,1,2.40E-05
M+H-C9H15NO3S,1,1.97E-05
M+H-C9H16,1,6.06E-05
M+H-C9H16N2O,1,1.55E-05
M+H-C9H16N2O3,1,2.25E-05
M+H-C9H16O,1,2.82E-05
M+H-C9H16O3,1,2.25E-05
M+H-C9H16O4,1,3.80E-05
M+H-C9H16O7,1,1.69E-05
M+H-C9H16SO,1,1.41E-05
M+H-C9H17N5O,1,1.27E-05
M+H-C9H17NO,1,8.45E-06
M+H-C9H17NO2,1,2.11E-05
M+H-C9H17NO4,1,3.38E-05
M+H-C9H18,1,5.35E-05
M+H-C9H18N2,1,7.04E-05
M+H-C9H18N2O3,1,1.13E-05
M+H-C9H18O,1,3.66E-05
M+H-C9H18O2,1,3.94E-05
M+H-C9H18O3,1,2.25E-05
M+H-C9H18O4,1,1.27E-05
M+H-C9H19N,1,5.07E-05
M+H-C9H19ON,1,1.41E-05
M+H-C9H20O,1,8.88E-05
M+H-C9H20O2,1,3.10E-05
M+H-C9H20O3,1,1.55E-05
M+H-C9H20O4,1,1.41E-05
M+H-C9H20O5,1,1.55E-05
M+H-C9H21N3,1,1.55E-05
M+H-C9H21NO,1,1.27E-05
M+H-C9H22O2,1,3.80E-05
M+H-C9H5ClO,1,1.27E-05
M+H-C9H5F3SN2,1,1.41E-05
M+H-C9H6Cl4O2,1,1.27E-05
M+H-C9H6F4SN2,1,1.27E-05
M+H-C9H6N2O4,1,1.55E-05
M+H-C9H6O2,1,1.41E-05
M+H-C9H6O3,1,4.65E-05
M+H-C9H7Cl2NO2,1,2.40E-05
M+H-C9H7ClON2,1,2.40E-05
M+H-C9H7F3,1,1.41E-05
M+H-C9H7N3O,1,1.41E-05
M+H-C9H7NO,1,0.000121164
M+H-C9H7NO2,1,4.51E-05
M+H-C9H7NO3,1,2.11E-05
M+H-C9H7O2N,1,1.41E-05
M+H-C9H7ON,1,5.78E-05
M+H-C9H8,1,4.37E-05
M+H-C9H8Cl2,1,1.97E-05
M+H-C9H8ClN3O,1,1.41E-05
M+H-C9H8ClSN,1,2.11E-05
M+H-C9H8F3NO,1,1.83E-05
M+H-C9H8F3NO3,1,1.69E-05
M+H-C9H8FON,1,1.83E-05
M+H-C9H8N2,1,6.20E-05
M+H-C9H8N2O,1,9.86E-06
M+H-C9H8N2O2,1,7.04E-06
M+H-C9H8O,1,2.82E-06
M+H-C9H8O2,1,0.000121164
M+H-C9H8O3,1,2.25E-05
M+H-C9H8O4,1,9.86E-06
M+H-C9H8SON2,1,1.55E-05
M+H-C9H9Cl2N,1,1.55E-05
M+H-C9H9N,1,3.80E-05
M+H-C9H9N3O2,1,2.54E-05
M+H-C9H9NO,1,7.75E-05
M+H-C9H9NO2,1,5.49E-05
M+H-C9H9NO3S,1,5.64E-06
M+H-C9H9O2N,1,1.41E-05
M+H-C9H9O3N,1,1.41E-05
M+H-C9H9O3S,1,1.55E-05
M+H-C9H9ON,1,5.64E-06
M+H-CBrO,1,2.40E-05
M+H-CClF3,1,2.11E-05
M+H-CClN,1,1.83E-05
M+H-CClO,1,1.27E-05
M+H-CD3OH,1,2.82E-06
M+H-CH11FO4,1,1.41E-05
M+H-CH2,1,6.90E-05
M+H-CH2+H2O,1,2.82E-05
M+H-CH2Cl2O,1,5.64E-06
M+H-CH2ClN,1,1.27E-05
M+H-CH2F2O,1,1.27E-05
M+H-CH2N,1,2.82E-05
M+H-CH2N2,1,0.000153568
M+H-CH2N2O2,1,2.11E-05
M+H-CH2N4,1,1.13E-05
M+H-CH2O,1,0.000443798
M+H-CH2O2,1,0.003402448
M+H-CH2O2S,1,3.38E-05
M+H-CH2O3,1,0.000115528
M+H-CH2S,1,6.06E-05
M+H-CH2SO5,1,1.13E-05
M+H-CH3,1,0.000836875
M+H-CH3BrO2,1,9.86E-06
M+H-CH3CO2H,1,4.23E-06
M+H-CH3ClN2,1,1.83E-05
M+H-CH3FO2,1,2.96E-05
M+H-CH3N,1,0.000131026
M+H-CH3N3,1,1.13E-05
M+H-CH3NH2,1,2.82E-05
M+H-CH3NO,1,0.000207106
M+H-CH3NO2,1,4.93E-05
M+H-CH3O2N,1,6.34E-05
M+H-CH3O2S,1,7.19E-05
M+H-CH3O5P,1,1.97E-05
M+H-CH3OH,1,5.64E-06
M+H-CH3OH+H2O,1,2.82E-06
M+H-CH3ON,1,0.000291638
M+H-CH4,1,0.000309954
M+H-CH4+H2O,1,2.82E-05
M+H-CH4BrO,1,1.55E-05
M+H-CH4ClO,1,1.41E-05
M+H-CH4N2,1,3.38E-05
M+H-CH4N2O,1,3.38E-05
M+H-CH4N2S,1,1.13E-05
M+H-CH4N4,1,1.13E-05
M+H-CH4NO3,1,2.11E-05
M+H-CH4O,1,0.002448636
M+H-CH4O2,1,0.000360674
M+H-CH4O2S,1,1.83E-05
M+H-CH4O3,1,0.000684716
M+H-CH4O4,1,1.97E-05
M+H-CH4ON2,1,5.78E-05
M+H-CH4OS,1,6.20E-05
M+H-CH4S,1,0.000177519
M+H-CH4SN2,1,3.52E-05
M+H-CH4SO2,1,1.13E-05
M+H-CH5BrN,1,1.83E-05
M+H-CH5FO3,1,1.97E-05
M+H-CH5N,1,0.001783644
M+H-CH5N3,1,0.000147933
M+H-CH5NO,1,3.80E-05
M+H-CH5NO2,1,1.97E-05
M+H-CH5O,1,0.000153568
M+H-CH5O2N,1,7.47E-05
M+H-CH5O3N,1,1.69E-05
M+H-CH5O4P,1,1.55E-05
M+H-CH5O5P,1,9.86E-06
M+H-CH5ON,1,9.86E-06
M+H-CH5ON3,1,1.83E-05
M+H-CH5SO2N,1,1.69E-05
M+H-CH6BrN,1,1.83E-05
M+H-CH6N,1,9.86E-05
M+H-CH6NO4,1,2.25E-05
M+H-CH6O,1,3.52E-05
M+H-CH6O2,1,0.000432527
M+H-CH6O3,1,0.000166248
M+H-CH6O4,1,0.000200061
M+H-CH6OS,1,1.69E-05
M+H-CH7FO2,1,1.83E-05
M+H-CH7NO,1,2.82E-05
M+H-CH7NO2,1,2.25E-05
M+H-CH7ON,1,3.80E-05
M+H-CH8N2O,1,2.25E-05
M+H-CH8O3,1,0.00013807
M+H-CH8O4,1,6.06E-05
M+H-CH9FO3,1,1.83E-05
M+H-CHCl2N,1,1.41E-06
M+H-CHClO,1,1.41E-05
M+H-CHClO2,1,1.55E-05
M+H-CHN3,1,1.27E-05
M+H-CHNO,1,0.000276141
M+H-CHO4P,1,1.83E-05
M+H-CHON,1,0.000111302
M+H-CHSN,1,2.11E-05
M+H-CHSO3N,1,1.41E-05
M+H-CO,1,0.001601898
M+H-CO-CONH,1,2.82E-06
M+H-CO-H2,1,2.40E-05
M+H-CO-H2+H2O,1,2.68E-05
M+H-CO2,1,0.001296171
M+H-COOH,1,2.82E-06
M+H-Cl,1,7.89E-05
M+H-ClC6H4SH,1,2.82E-06
M+H-ClC6H4SH-CO,1,2.82E-06
M+H-ClNO2,1,1.83E-05
M+H-ClO2N,1,2.25E-05
M+H-H,1,0.000111302
M+H-H2,1,0.000371945
M+H-H2+H2O,1,5.21E-05
M+H-H2-C3O,1,2.54E-05
M+H-H2-CO,1,2.82E-05
M+H-H2BrO,1,5.64E-05
M+H-H2Cl2,1,2.96E-05
M+H-H2F2,1,1.55E-05
M+H-H2N2S,1,5.64E-06
M+H-H2NO2S,1,1.83E-05
M+H-H2O,1,0.070260911
M+H-H2O+N2,1,2.68E-05
M+H-H2O-C3H6,1,2.82E-05
M+H-H2O-C6H13N,1,2.82E-06
M+H-H2O-C8H8,1,2.82E-06
M+H-H2O-CO,1,2.82E-06
M+H-H2O-H3PO4,1,2.82E-06
M+H-H2O-NH3,1,0.000123982
M+H-H2O-NH3-C8H8,1,2.82E-06
M+H-H2O-NH3-C8H8-CO,1,2.82E-06
M+H-H2O2,1,5.21E-05
M+H-H2O2S,1,4.23E-05
M+H-H2O4S,1,5.49E-05
M+H-H2OS2,1,2.11E-05
M+H-H2S,1,8.74E-05
M+H-H2SO2,1,3.66E-05
M+H-H2SO3,1,9.02E-05
M+H-H2SO4,1,4.09E-05
M+H-H3BrN,1,1.97E-05
M+H-H3Cl2O,1,7.04E-06
M+H-H3ClO,1,4.65E-05
M+H-H3FN2O,1,1.69E-05
M+H-H3FO,1,0.000346585
M+H-H3N3,1,1.55E-05
M+H-H3NO,1,0.000185972
M+H-H3O3P,1,2.25E-05
M+H-H3O4P,1,0.000111302
M+H-H3O9P3,1,2.54E-05
M+H-H3ON,1,0.000146524
M+H-H3PO3,1,5.64E-05
M+H-H3SO2N,1,4.37E-05
M+H-H4Cl2O,1,1.83E-05
M+H-H4FN,1,8.45E-06
M+H-H4OS,1,1.83E-05
M+H-H4SO5,1,0.000109893
M+H-H5FO2,1,0.00015075
M+H-H5NO2,1,2.11E-05
M+H-H5O5P,1,4.09E-05
M+H-H5ON,1,6.20E-05
M+H-H6N2O2,1,1.83E-05
M+H-H6O2S,1,1.41E-05
M+H-H6SO6,1,1.69E-05
M+H-H7FO3,1,3.38E-05
M+H-H7O6P,1,1.97E-05
M+H-H8N2O5,1,1.55E-05
M+H-HBr,1,2.68E-05
M+H-HCCl3,1,5.64E-06
M+H-HCN,1,0.000301501
M+H-HCO2H,1,1.97E-05
M+H-HCl,1,0.000345176
M+H-HCl+H2O,1,2.11E-05
M+H-HF,1,0.000749525
M+H-HF-CO,1,2.82E-06
M+H-HF-CO-C2H4,1,2.82E-06
M+H-HFN2,1,1.27E-05
M+H-HN3,1,1.97E-05
M+H-HNO,1,4.93E-05
M+H-HNO2,1,3.24E-05
M+H-HO,1,0.000411393
M+H-HO3P,1,1.97E-05
M+H-HS,1,1.83E-05
M+H-HSCH2CONHCH3,1,2.82E-06
M+H-HSO3,1,1.27E-05
M+H-N2,1,0.000133844
M+H-N2O4,1,1.27E-05
M+H-NH2OH,1,2.11E-05
M+H-NH2OH-C6H10N2O2,1,2.82E-06
M+H-NH2OH-CO,1,2.40E-05
M+H-NH3,1,0.010841342
M+H-NH3+N2,1,0.000118346
M+H-NH3-C2H4,1,2.11E-05
M+H-NH3-C5H11NO,1,4.93E-05
M+H-NH3-C5H13NO,1,5.64E-05
M+H-NH3-SO2,1,5.64E-05
M+H-NH3CO2,1,5.64E-05
M+H-NO,1,4.37E-05
M+H-NO2,1,0.000101439
M+H-NO2-C6H5OCH2,1,2.82E-06
M+H-NO2-CHO,1,2.82E-06
M+H-O2N,1,9.58E-05
M+H-O2S,1,9.44E-05
M+H-O3S,1,0.000100031
M+H-OH,1,4.79E-05
M+H-ON,1,6.34E-05
M+H-OS,1,1.97E-05
M+H-S2,1,2.25E-05
M+H-SO2,1,3.94E-05
M+H-SO3,1,3.94E-05
M+HCO2,-1,0.002655741
M+K,1,0.009101373
M+K-2H,-1,0.000183155
M+K-C7H12O,1,2.82E-06
M+KSO4,-1,1.41E-06
M+NH4,1,0.015284953
M+NH4-H2O,1,0.000391669
M+NO3,-1,2.82E-06
M+Na,1,0.053027475
M+Na+CH3OH,1,2.11E-05
M+Na-2H,-1,4.37E-05
M+Na-2H-H2O,-1,1.41E-05
M+Na-3H,-2,8.03E-05
M+Na-3H-H2O,-2,4.51E-05
M+Na-C25H36O4,1,2.82E-06
M+Na-C4H6O4,1,2.82E-06
M+Na-C7H12O,1,2.82E-06
M+Na-H2O,1,0.000200061
M+Na-H2S,1,2.82E-06
M+OH,-1,0.000804471
M-2H,-2,0.012278401
M-2H+3K,1,6.48E-05
M-2H+3Na,1,0.001741377
M-2H+3Na-C3H5NO2,1,2.82E-06
M-2H+K,-1,1.69E-05
M-2H+Na,-1,0.000105666
M-2H+Na+Co,1,2.82E-06
M-2H-H2O,-2,7.61E-05
M-3H,-3,0.001317304
M-3H+Na,-2,2.40E-05
M-4H,-4,4.09E-05
M-4H+2Na,-2,2.40E-05
M-4H+Na,-3,1.69E-05
M-5H+2Na,-3,1.83E-05
M-5H+7Na,2,1.83E-05
M-5H+Na,-4,1.69E-05
M-6H+3Na,-3,1.83E-05
M-6H+4Na,-2,2.11E-05
M-6H+8Na,2,1.27E-05
M-Br,1,2.82E-06
M-C3H7,1,2.82E-06
M-C3H7-C2H4,1,2.82E-06
M-C4H4O4S,1,5.64E-06
M-C4H9,1,5.64E-06
M-C5H5Cl,1,5.64E-06
M-CCl3,1,5.64E-06
M-CH2SCN,-1,2.82E-06
M-CH3,-1,0.000803062
M-CH3,1,0.000803062
M-Cl,1,2.82E-06
M-Cl2H,1,2.82E-06
M-H,-1,0.141492541
M-H+2H2O,-1,2.82E-06
M-H+2K,1,0.000174701
M-H+2Na,1,0.004456292
M-H+2Na-H2S,1,2.82E-06
M-H+Cl,-2,0.000494517
M-H+Co,1,5.64E-06
M-H+HCO2,-2,3.52E-05
M-H+NH3,-1,2.40E-05
M-H+OH,-2,1.55E-05
M-H-2H2O,-1,0.000171884
M-H-3H2O,-1,8.45E-06
M-H-C10H10O,-1,1.69E-05
M-H-C10H10O2,-1,9.86E-06
M-H-C10H10O3,-1,2.11E-05
M-H-C10H10O4,-1,3.24E-05
M-H-C10H10O5,-1,1.69E-05
M-H-C10H10O7,-1,3.52E-05
M-H-C10H12O3,-1,5.78E-05
M-H-C10H12O4,-1,1.41E-05
M-H-C10H13O,-1,1.13E-05
M-H-C10H14,-1,1.55E-05
M-H-C10H14O7N5P,-1,1.27E-05
M-H-C10H14O8,-1,1.41E-06
M-H-C10H15O2N,-1,2.54E-05
M-H-C10H15O6,-1,1.13E-05
M-H-C10H15SO6N3,-1,1.41E-05
M-H-C10H16O6,-1,1.55E-05
M-H-C10H16O7,-1,4.23E-06
M-H-C10H16O8,-1,1.41E-05
M-H-C10H17S2O6N3,-1,1.83E-05
M-H-C10H18,-1,1.13E-05
M-H-C10H18O5N2,-1,4.23E-06
M-H-C10H18O9,-1,1.41E-05
M-H-C10H20,-1,1.41E-06
M-H-C10H20O,-1,2.25E-05
M-H-C10H20O10,-1,8.45E-06
M-H-C10H6OS,-1,1.41E-05
M-H-C10H7O2N,-1,8.45E-06
M-H-C10H8N2OS,-1,9.86E-06
M-H-C10H8N4OS,-1,2.11E-05
M-H-C10H8O,-1,1.55E-05
M-H-C10H9ClO,-1,8.45E-06
M-H-C10H9NO,-1,2.68E-05
M-H-C10H9NO4,-1,9.86E-06
M-H-C10H9NO5S,-1,1.41E-05
M-H-C10H9NOS,-1,7.04E-06
M-H-C11H10O4,-1,1.97E-05
M-H-C11H13ClO3,-1,2.25E-05
M-H-C11H13O8N3,-1,8.45E-06
M-H-C11H14O3,-1,1.55E-05
M-H-C11H14O6S,-1,2.11E-05
M-H-C11H15NO,-1,1.41E-06
M-H-C11H16O,-1,1.55E-05
M-H-C11H16O8,-1,2.25E-05
M-H-C11H18O9,-1,7.04E-06
M-H-C11H20O4,-1,3.94E-05
M-H-C11H6F9NO,-1,1.41E-06
M-H-C11H8O,-1,1.41E-05
M-H-C11H9NO2,-1,7.04E-06
M-H-C12H10FNO3,-1,1.83E-05
M-H-C12H10N2O3,-1,1.41E-05
M-H-C12H12O2,-1,9.86E-06
M-H-C12H12O3,-1,1.27E-05
M-H-C12H13O7N3,-1,1.13E-05
M-H-C12H14N2O2,-1,1.97E-05
M-H-C12H14O2S,-1,7.04E-06
M-H-C12H14O3,-1,1.41E-05
M-H-C12H15N3O2,-1,4.23E-06
M-H-C12H16O,-1,8.45E-06
M-H-C12H16O2N,-1,1.27E-05
M-H-C12H18N2O5,-1,8.45E-06
M-H-C12H20O10,-1,2.68E-05
M-H-C12H20O8,-1,1.27E-05
M-H-C12H20O9,-1,0.000108484
M-H-C12H22O,-1,1.83E-05
M-H-C12H24N2O4,-1,9.86E-06
M-H-C12H24O2,-1,1.69E-05
M-H-C13H12O,-1,2.11E-05
M-H-C13H13FNO3,-1,7.04E-06
M-H-C13H14O9,-1,2.40E-05
M-H-C13H15NO2,-1,2.54E-05
M-H-C13H15NO3,-1,1.69E-05
M-H-C13H16O,-1,5.64E-05
M-H-C13H16O6,-1,1.69E-05
M-H-C13H16O7,-1,1.41E-06
M-H-C13H17O3,-1,5.64E-06
M-H-C13H18FN,-1,9.86E-06
M-H-C13H18O,-1,9.86E-06
M-H-C13H19N3O,-1,1.13E-05
M-H-C13H19N5O3,-1,1.55E-05
M-H-C13H25SO8N2P,-1,1.41E-05
M-H-C13H9FO,-1,2.40E-05
M-H-C14H10O,-1,1.83E-05
M-H-C14H10O2,-1,1.69E-05
M-H-C14H16O2,-1,9.86E-06
M-H-C14H18O4,-1,1.83E-05
M-H-C14H19N3O2,-1,5.64E-06
M-H-C14H22SO,-1,8.45E-06
M-H-C14H25O11N,-1,1.41E-05
M-H-C14H26O,-1,1.83E-05
M-H-C15H12O3,-1,1.83E-05
M-H-C15H12O5,-1,3.10E-05
M-H-C15H12O6,-1,3.10E-05
M-H-C15H16O7,-1,1.55E-05
M-H-C15H19NO3,-1,2.82E-06
M-H-C15H29O6P,-1,2.82E-06
M-H-C15H35O4P,-1,5.64E-06
M-H-C16H12N4O4,-1,7.04E-06
M-H-C16H12O2,-1,2.82E-06
M-H-C16H14O3,-1,2.82E-06
M-H-C16H16O8,-1,1.41E-05
M-H-C16H21N3O2,-1,1.97E-05
M-H-C16H21NO3,-1,8.45E-06
M-H-C16H25NO3,-1,1.69E-05
M-H-C16H30O,-1,2.82E-06
M-H-C16H30O-H2O,-1,2.82E-06
M-H-C16H32O,-1,1.41E-06
M-H-C17H19NO3,-1,1.55E-05
M-H-C17H20O2,-1,1.83E-05
M-H-C17H20O3,-1,2.82E-05
M-H-C17H24O9,-1,1.13E-05
M-H-C17H27SO,-1,7.04E-06
M-H-C17H34NO6P,-1,4.23E-06
M-H-C18H12O6,-1,1.41E-05
M-H-C18H20O10,-1,1.83E-05
M-H-C18H28O,-1,1.27E-05
M-H-C18H30O14,-1,4.51E-05
M-H-C18H32O,-1,1.69E-05
M-H-C18H34O2,-1,1.83E-05
M-H-C18H35O8P,-1,2.82E-06
M-H-C19H22O2,-1,9.86E-06
M-H-C19H28O3,-1,2.25E-05
M-H-C20H28O3,-1,1.55E-05
M-H-C21H38O4,-1,1.97E-05
M-H-C22H30O,-1,1.41E-06
M-H-C22H43O8P,-1,2.82E-06
M-H-C24H43O8P,-1,2.82E-06
M-H-C24H44O,-1,2.82E-06
M-H-C26H23NO3S,-1,1.55E-05
M-H-C27H43O5,-1,1.27E-05
M-H-C28H30O5,-1,1.41E-05
M-H-C2H2,-1,1.41E-06
M-H-C2H2O,-1,0.000157795
M-H-C2H2O2,-1,0.000149341
M-H-C2H2O3,-1,1.27E-05
M-H-C2H2O5,-1,2.11E-05
M-H-C2H3FO,-1,9.86E-06
M-H-C2H3N,-1,1.55E-05
M-H-C2H3NO,-1,4.23E-06
M-H-C2H3NO2,-1,1.41E-05
M-H-C2H3O,-1,1.83E-05
M-H-C2H3O2,-1,6.20E-05
M-H-C2H3ON,-1,1.55E-05
M-H-C2H4,-1,0.000228239
M-H-C2H4N2,-1,2.82E-06
M-H-C2H4O,-1,9.02E-05
M-H-C2H4O2,-1,9.58E-05
M-H-C2H4O3,-1,5.21E-05
M-H-C2H4O4,-1,5.49E-05
M-H-C2H4O4S,-1,8.45E-06
M-H-C2H5,-1,1.69E-05
M-H-C2H5NO,-1,1.69E-05
M-H-C2H5NO2,-1,2.54E-05
M-H-C2H5ON,-1,4.23E-06
M-H-C2H6,-1,5.64E-05
M-H-C2H6O,-1,6.20E-05
M-H-C2H6O2,-1,2.40E-05
M-H-C2H6O4,-1,7.04E-06
M-H-C2H6SO3,-1,1.69E-05
M-H-C2H6SO4,-1,1.13E-05
M-H-C2H7FO5,-1,5.64E-06
M-H-C2H7N,-1,2.25E-05
M-H-C2H7NO2S,-1,1.27E-05
M-H-C2H7NO3S,-1,1.13E-05
M-H-C2H7ON,-1,1.27E-05
M-H-C2H8O3,-1,3.24E-05
M-H-C2H9NO3S,-1,5.64E-06
M-H-C2HNO2,-1,3.10E-05
M-H-C2HO2N,-1,7.04E-06
M-H-C2O3,-1,0.000109893
M-H-C2O4,-1,4.65E-05
M-H-C30H46O4,-1,9.86E-06
M-H-C35H68O5,-1,9.86E-06
M-H-C3H15O6,-1,2.11E-05
M-H-C3H2N2,-1,9.86E-06
M-H-C3H2O2,-1,8.45E-06
M-H-C3H2O3,-1,2.40E-05
M-H-C3H3NO2,-1,3.10E-05
M-H-C3H3NO3,-1,9.86E-06
M-H-C3H3O2N,-1,8.45E-06
M-H-C3H4O,-1,4.37E-05
M-H-C3H4O2,-1,0.000319816
M-H-C3H4O4,-1,1.69E-05
M-H-C3H5,-1,1.13E-05
M-H-C3H5FO2,-1,1.69E-05
M-H-C3H5NO,-1,1.27E-05
M-H-C3H5NO2,-1,3.52E-05
M-H-C3H5O2N,-1,1.27E-05
M-H-C3H5O2N4,-1,1.13E-05
M-H-C3H5O4N,-1,9.86E-06
M-H-C3H5ON,-1,9.86E-06
M-H-C3H6,-1,2.40E-05
M-H-C3H6NO,-1,2.11E-05
M-H-C3H6O,-1,3.94E-05
M-H-C3H6O2,-1,1.69E-05
M-H-C3H6O3,-1,7.33E-05
M-H-C3H6O4,-1,8.45E-06
M-H-C3H6O5,-1,7.04E-06
M-H-C3H7N,-1,3.38E-05
M-H-C3H7S2O2N,-1,1.69E-05
M-H-C3H7SO2N,-1,1.41E-05
M-H-C3H8N,-1,8.45E-06
M-H-C3H8O2,-1,1.27E-05
M-H-C3H8O3S,-1,1.69E-05
M-H-C3H8O4,-1,2.82E-05
M-H-C41H66O11,-1,1.55E-05
M-H-C41H66O12,-1,1.55E-05
M-H-C42H79NO2,-1,2.82E-06
M-H-C4H10,-1,1.27E-05
M-H-C4H10N,-1,3.52E-05
M-H-C4H10O,-1,0.000156386
M-H-C4H10O3S,-1,9.86E-06
M-H-C4H10O5,-1,9.86E-06
M-H-C4H2O3,-1,1.41E-05
M-H-C4H3Cl2N,-1,5.64E-06
M-H-C4H3NO2,-1,1.27E-05
M-H-C4H4N2O2,-1,1.41E-05
M-H-C4H4O2,-1,3.66E-05
M-H-C4H4O4,-1,1.69E-05
M-H-C4H4O5,-1,2.11E-05
M-H-C4H4S2,-1,2.11E-05
M-H-C4H5N3O2,-1,1.83E-05
M-H-C4H5O2,-1,3.52E-05
M-H-C4H5ON3,-1,4.37E-05
M-H-C4H6O2,-1,0.000102848
M-H-C4H6O3,-1,4.93E-05
M-H-C4H7N3O,-1,1.27E-05
M-H-C4H7O4N,-1,2.82E-06
M-H-C4H8,-1,3.24E-05
M-H-C4H8N2,-1,4.23E-06
M-H-C4H8O3,-1,7.33E-05
M-H-C4H8O4,-1,0.000207106
M-H-C4H8SO4,-1,8.45E-06
M-H-C4H9,-1,2.96E-05
M-H-C4H9O3,-1,1.13E-05
M-H-C4H9O3N,-1,8.45E-06
M-H-C4H9SO2N,-1,5.64E-06
M-H-C5H10,-1,1.27E-05
M-H-C5H10F,-1,7.04E-06
M-H-C5H10N2O,-1,2.82E-05
M-H-C5H10O,-1,3.94E-05
M-H-C5H10O2,-1,2.68E-05
M-H-C5H10O3,-1,3.94E-05
M-H-C5H10O4,-1,8.45E-06
M-H-C5H10ON2,-1,3.38E-05
M-H-C5H11,-1,4.79E-05
M-H-C5H11O3,-1,1.13E-05
M-H-C5H12O3,-1,1.41E-05
M-H-C5H13N,-1,2.11E-05
M-H-C5H4O2N4,-1,1.41E-05
M-H-C5H5N5,-1,4.51E-05
M-H-C5H6O3,-1,7.04E-06
M-H-C5H6O4,-1,3.38E-05
M-H-C5H7N5O2,-1,1.69E-05
M-H-C5H7NO2,-1,3.24E-05
M-H-C5H7NO3,-1,1.41E-05
M-H-C5H7O2N,-1,9.86E-06
M-H-C5H7O3N,-1,2.40E-05
M-H-C5H7O5PS,-1,2.40E-05
M-H-C5H7O6P,-1,2.82E-05
M-H-C5H7PO6,-1,2.82E-06
M-H-C5H8,-1,3.10E-05
M-H-C5H8N4,-1,1.69E-05
M-H-C5H8O,-1,3.52E-05
M-H-C5H8O2,-1,0.000159204
M-H-C5H8O3,-1,1.55E-05
M-H-C5H8O4,-1,4.37E-05
M-H-C5H9,-1,1.69E-05
M-H-C5H9O4,-1,1.83E-05
M-H-C5HCl2NO,-1,1.41E-05
M-H-C6H10FNO3,-1,1.97E-05
M-H-C6H10O3,-1,1.55E-05
M-H-C6H10O3N2,-1,2.11E-05
M-H-C6H10O3S,-1,1.83E-05
M-H-C6H10O4,-1,6.34E-05
M-H-C6H10O5,-1,0.000476202
M-H-C6H10O6,-1,4.23E-06
M-H-C6H10O7,-1,2.82E-05
M-H-C6H11NOS2,-1,1.83E-05
M-H-C6H11O5,-1,1.83E-05
M-H-C6H11O7P,-1,1.27E-05
M-H-C6H12,-1,7.04E-06
M-H-C6H12NO,-1,7.04E-06
M-H-C6H12O,-1,1.13E-05
M-H-C6H12O5,-1,2.68E-05
M-H-C6H12O6,-1,0.000195835
M-H-C6H13N,-1,1.55E-05
M-H-C6H13NO,-1,7.04E-06
M-H-C6H13NO3,-1,1.97E-05
M-H-C6H13O3N,-1,1.27E-05
M-H-C6H14O2,-1,2.82E-05
M-H-C6H14O2NP,-1,7.04E-06
M-H-C6H14O7,-1,4.93E-05
M-H-C6H15NO4,-1,2.11E-05
M-H-C6H15O2N,-1,7.04E-06
M-H-C6H2Cl2SO,-1,9.86E-06
M-H-C6H4,-1,8.45E-06
M-H-C6H5F2N,-1,2.68E-05
M-H-C6H5NO2,-1,1.41E-05
M-H-C6H5S,-1,5.64E-06
M-H-C6H6,-1,3.94E-05
M-H-C6H6N4O2,-1,2.54E-05
M-H-C6H6N8O,-1,2.82E-06
M-H-C6H6O,-1,8.31E-05
M-H-C6H6O2,-1,4.51E-05
M-H-C6H6O3,-1,6.62E-05
M-H-C6H6O4,-1,1.41E-05
M-H-C6H6O5,-1,1.27E-05
M-H-C6H6O6,-1,2.11E-05
M-H-C6H7NO3,-1,1.27E-05
M-H-C6H7O3N,-1,3.94E-05
M-H-C6H8O3,-1,1.13E-05
M-H-C6H8O4,-1,1.55E-05
M-H-C6H8O6,-1,0.000325452
M-H-C6H9ClO6,-1,9.86E-06
M-H-C6H9N3O2,-1,7.04E-06
M-H-C6H9O5SO3H,-1,2.82E-06
M-H-C6H9O9P,-1,1.55E-05
M-H-C7H10O3N2,-1,8.45E-06
M-H-C7H10O5,-1,2.11E-05
M-H-C7H11F2NO,-1,1.13E-05
M-H-C7H11NO,-1,2.11E-05
M-H-C7H12O2,-1,7.04E-06
M-H-C7H12O4,-1,2.96E-05
M-H-C7H13NO2,-1,2.68E-05
M-H-C7H13O2N,-1,1.41E-05
M-H-C7H14O,-1,2.54E-05
M-H-C7H15NO4,-1,2.11E-05
M-H-C7H15NO7,-1,9.86E-06
M-H-C7H17NO8,-1,9.86E-06
M-H-C7H3ClOS,-1,5.64E-06
M-H-C7H3F2NO,-1,2.40E-05
M-H-C7H3FO2,-1,1.55E-05
M-H-C7H4O2,-1,3.80E-05
M-H-C7H4O4,-1,5.49E-05
M-H-C7H5BrN2O,-1,5.64E-06
M-H-C7H5F2NO2,-1,1.13E-05
M-H-C7H5NO,-1,3.52E-05
M-H-C7H5O5N3,-1,1.97E-05
M-H-C7H5ON,-1,1.27E-05
M-H-C7H6F3N,-1,7.04E-06
M-H-C7H6O,-1,7.33E-05
M-H-C7H6O2,-1,4.93E-05
M-H-C7H6O5,-1,1.69E-05
M-H-C7H6O8,-1,1.69E-05
M-H-C7H7,-1,3.80E-05
M-H-C7H7BrN2O,-1,1.55E-05
M-H-C7H7N3O3,-1,4.09E-05
M-H-C7H7NO,-1,1.83E-05
M-H-C7H7ON5,-1,1.55E-05
M-H-C7H8O,-1,4.09E-05
M-H-C7H8O2,-1,1.55E-05
M-H-C7H8O4,-1,1.97E-05
M-H-C7H8O7,-1,1.69E-05
M-H-C7H8O8,-1,2.40E-05
M-H-C7H9NO,-1,2.82E-06
M-H-C8H10,-1,1.97E-05
M-H-C8H10N2O4S,-1,2.25E-05
M-H-C8H10O3,-1,1.55E-05
M-H-C8H11NO3,-1,1.83E-05
M-H-C8H11O2N,-1,1.55E-05
M-H-C8H11O8,-1,1.13E-05
M-H-C8H12,-1,7.04E-06
M-H-C8H12O,-1,1.69E-05
M-H-C8H13N,-1,2.54E-05
M-H-C8H13NO3,-1,1.41E-05
M-H-C8H13O6,-1,1.13E-05
M-H-C8H14O3,-1,8.45E-06
M-H-C8H14OS,-1,1.97E-05
M-H-C8H16NO,-1,4.23E-06
M-H-C8H16O,-1,2.25E-05
M-H-C8H16O2,-1,1.83E-05
M-H-C8H17N2,-1,5.64E-06
M-H-C8H17NO,-1,1.13E-05
M-H-C8H18O,-1,9.86E-06
M-H-C8H18O2,-1,1.69E-05
M-H-C8H4F3NO4S,-1,1.55E-05
M-H-C8H5NO2,-1,1.69E-05
M-H-C8H5NOS,-1,1.69E-05
M-H-C8H6O,-1,5.21E-05
M-H-C8H6O3,-1,2.40E-05
M-H-C8H7NO,-1,1.13E-05
M-H-C8H8O,-1,0.000160612
M-H-C8H8O2,-1,4.09E-05
M-H-C8H8O3,-1,8.45E-06
M-H-C8H8O4,-1,8.45E-06
M-H-C8H9ClO,-1,2.25E-05
M-H-C8H9NO,-1,1.41E-05
M-H-C9H10O,-1,1.83E-05
M-H-C9H10O2,-1,6.20E-05
M-H-C9H10O3,-1,1.13E-05
M-H-C9H10O4,-1,3.38E-05
M-H-C9H10O5,-1,6.06E-05
M-H-C9H11,-1,1.27E-05
M-H-C9H11NO,-1,8.45E-06
M-H-C9H11O2N,-1,1.97E-05
M-H-C9H11O8N3,-1,8.45E-06
M-H-C9H12FN,-1,2.11E-05
M-H-C9H12O2,-1,1.55E-05
M-H-C9H13N,-1,1.41E-05
M-H-C9H13O2N,-1,1.83E-05
M-H-C9H13O7P,-1,3.66E-05
M-H-C9H14,-1,1.55E-05
M-H-C9H15NO3S2,-1,1.97E-05
M-H-C9H16,-1,1.55E-05
M-H-C9H16F2O4,-1,1.69E-05
M-H-C9H16N4,-1,1.69E-05
M-H-C9H16O2,-1,1.41E-05
M-H-C9H18O3,-1,2.82E-06
M-H-C9H19N2O,-1,9.86E-06
M-H-C9H20,-1,9.86E-06
M-H-C9H22SO3,-1,1.41E-06
M-H-C9H6O2,-1,1.55E-05
M-H-C9H6O3,-1,0.000128208
M-H-C9H7FO2,-1,1.83E-05
M-H-C9H7NO4,-1,1.27E-05
M-H-C9H7NO5S,-1,1.69E-05
M-H-C9H8O2,-1,2.25E-05
M-H-C9H8O3,-1,6.48E-05
M-H-CH2N2,-1,5.78E-05
M-H-CH2N2O2,-1,9.86E-06
M-H-CH2O,-1,0.000100031
M-H-CH2O-CH2NH,-1,1.41E-06
M-H-CH2O2,-1,0.00017611
M-H-CH2O2S,-1,8.31E-05
M-H-CH2O3,-1,0.000425482
M-H-CH2O4N,-1,4.23E-06
M-H-CH2S,-1,8.45E-06
M-H-CH2SO2,-1,1.13E-05
M-H-CH3,-1,0.001153874
M-H-CH3F3O,-1,1.41E-05
M-H-CH3N,-1,1.83E-05
M-H-CH3N3,-1,4.23E-06
M-H-CH3NO,-1,1.97E-05
M-H-CH3NO2,-1,1.55E-05
M-H-CH3O2N,-1,2.40E-05
M-H-CH4,-1,9.16E-05
M-H-CH4F2O3,-1,2.68E-05
M-H-CH4N2O,-1,1.97E-05
M-H-CH4O,-1,0.000133844
M-H-CH4O2,-1,7.04E-05
M-H-CH4O3N2,-1,8.45E-06
M-H-CH4O4,-1,0.000108484
M-H-CH4SO,-1,2.54E-05
M-H-CH5N,-1,3.38E-05
M-H-CH5NO,-1,1.41E-05
M-H-CH6F2O4,-1,2.96E-05
M-H-CH6O2,-1,2.11E-05
M-H-CH6O3,-1,1.27E-05
M-H-CHClO2,-1,1.97E-05
M-H-CHF3,-1,5.64E-06
M-H-CHFO,-1,2.96E-05
M-H-CHFO2,-1,2.25E-05
M-H-CHNO,-1,0.000190199
M-H-CHON,-1,0.000108484
M-H-CN2O3,-1,1.55E-05
M-H-CN2O4,-1,9.86E-06
M-H-CNO3,-1,1.27E-05
M-H-CO,-1,0.000345176
M-H-CO2,-1,0.003016415
M-H-CO4S,-1,1.13E-05
M-H-CONH,-1,2.82E-06
M-H-CSO5,-1,1.27E-05
M-H-H,-1,5.64E-06
M-H-H10O10,-1,1.69E-05
M-H-H2,-1,1.41E-06
M-H-H2Cl2,-1,2.11E-05
M-H-H2F2,-1,5.64E-06
M-H-H2O,-1,0.010253838
M-H-H2O-C4H7CO2H,-1,2.82E-06
M-H-H2O-CO2,-1,5.35E-05
M-H-H2O-HCO2H,-1,5.92E-05
M-H-H2O2N2,-1,1.13E-05
M-H-H2S,-1,0.000114119
M-H-H2SO3,-1,8.45E-06
M-H-H3NO,-1,4.09E-05
M-H-H3O3P,-1,2.68E-05
M-H-H3O4P,-1,0.00029023
M-H-H3ON,-1,1.83E-05
M-H-H3PO4,-1,2.82E-06
M-H-H4F2O,-1,1.69E-05
M-H-H4N2,-1,2.96E-05
M-H-H4O,-1,1.27E-05
M-H-H4OS,-1,2.40E-05
M-H-HCHO,-1,1.41E-06
M-H-HCN,-1,2.25E-05
M-H-HCl,-1,0.000462113
M-H-HF,-1,0.000133844
M-H-HN3,-1,1.83E-05
M-H-HNO,-1,1.27E-05
M-H-HNO2,-1,3.10E-05
M-H-HO,-1,5.64E-06
M-H-HO3P,-1,1.27E-05
M-H-N2O2,-1,1.13E-05
M-H-NH3,-1,0.000672036
M-H-NO,-1,2.82E-05
M-H-NO4S,-1,2.25E-05
M-H-O,-1,9.86E-06
M-H-O2S,-1,6.34E-05
M-H-O3S,-1,0.000128208
M-H-ON,-1,4.23E-06
M-H-SO2,-1,1.41E-06
M-H-SO3,-1,6.34E-05
M-SCCl2F,-1,2.82E-06
