,adduct,charge,adduct_w_neutral_loss
0,M+H,1,M+H
1,M+Na,1,M+Na
2,2M+H,1,2M+H
3,['M+H'],1,M+H-H2O
4,"['2M', '-H']",-1,2M-H
5,"['M', '-H']",-1,M-H
6,M+NH4,1,M+NH4
7,['M+H'],1,M+H-NH3
8,"['M', '+H', '-H']",1,M-H+2Na
9,M+2H,2,M+2H
10,"['M', '-2H']",-2,M-2H
11,"['M', '-H']",-1,M-H-H2O
12,"['M', '-H']",-1,M-H-NH3
13,M+K,1,M+K
14,M+H,1,M+H+H2O
15,M-2H+3Na,1,M-2H+3Na
16,M+OH,-1,M+OH
17,M-2H+3K,1,M-2H+3K
18,M-H+2K,1,M-H+2K
19,M+H,1,M+H-OH
20,M-H,-1,M-H+NH3
21,M-2H+K,-1,M-2H+K
22,2M+H,1,2M+H+CH3OH
23,3M+H,1,3M+H
24,M+H,1,M+H+CH3CN
25,M+H,1,M+H+CH3OH
26,"['3M', '-H']",-1,3M-H
27,"['4M', '-H']",-1,4M-H
28,"['5M', '-H']",-1,5M-H
29,3M-3H+2Na,-1,3M-3H+2Na
30,2M-2H+Na,-1,2M-2H+Na
31,2M-3H+2Na,-1,2M-3H+2Na
32,2M-4H+3Na,-1,2M-4H+3Na
33,2M-2H+K,-1,2M-2H+K
34,M-2H+Na,-1,M-2H+Na
35,2M+Na,1,2M+Na
36,M+H+2Na,3,M+H+2Na
37,M+H+K,2,M+H+K
38,M+H+Na,2,M+H+Na
39,M+2Na,2,M+2Na
40,M+2H+Na,3,M+2H+Na
41,"['M+2Na', '-H']",1,M+2Na-H
42,M+3Na,3,M+3Na
43,"['M+Na', '-2H']",-1,M+Na-2H
44,"['M+Na', '-3H']",-2,M+Na-3H
45,M+3H,3,M+3H
46,M+H+NH4,2,M+H+NH4
47,"['M+K', '-2H']",-1,M+K-2H
48,['M+H'],1,M+H-C7H6O3
49,M-H,-1,M-H-C9H13O2N
50,['M+H'],1,M+H-C6H5N5
51,['M+H'],1,M+H-C5H7O3N
52,['M+H'],1,M+H-C10H14O6N2
53,"['M', '-H']",-1,M-H-C10H15SO6N3
54,"['M', '-H']",-1,M-H-C10H17S2O6N3
55,['M+H'],1,M+H-CH4O
56,['M+H'],1,M+H-CO2
57,['M+H'],1,M+H-C2H4
58,['M+H'],1,M+H-C6H5ClO2N2
59,"['M', '-H']",-1,M-H
60,['M+H'],1,M+H-C6H7N
61,"['M', '-H']",-1,M-H-CO
62,"['M', '-H']",-1,M-H-CO2
63,['M+H'],1,M+H-C3H8O3
64,['M+H'],1,M+H-C3H10O4
65,['M+H'],1,M+H-C4H10O
66,['M+H'],1,M+H-C4H12O2
67,['M+H'],1,M+H-C6H14O2
68,['M+H'],1,M+H-C3H7N
69,['M+H'],1,M+H-CH2O2
70,['M+H'],1,M+H-C5H11ON
71,['M+H'],1,M+H-C5H13ON
72,['M+H'],1,M+H-C4H13O2N
73,['M+H'],1,M+H-CO
74,['M+H'],1,M+H-C3H6
75,"['M', '-H']",-1,M-H-C3H5O2N4
77,"['M', '-H']",-1,M-H-C6H12O
78,['M+H'],1,M+H-C2H8O4
79,M+Cl,-1,M+Cl
80,M-H,-1,M-H-C9H18O3
81,['M+H'],1,M+H-2H2O
82,['M+H'],1,M+H-CH5N3
83,['M+H'],1,M+H-CH6O4
84,['M+H'],1,M+H-C8H14O6
85,['M+H'],1,M+H-C2H5N
87,['M+H'],1,M+H-C4H4O3
88,['M+H'],1,M+H-C4H6O4
89,"['M', '-H']",-1,M-H-C5H6O4
90,['M+H'],1,M+H-C2HO2N
91,"['M', '-H']",-1,M-H-CHON
92,['M+H'],1,M+H-CH4SO2
93,['M+H'],1,M+H-C2H4O2
94,['M+H'],1,M+H-C2H5FO2
95,M+H,1,M+H-C4H12F2O5
96,['M+H'],1,M+H-C2H5ClO2
97,['M+H'],1,M+H-CH3
98,['M+H'],1,M+H-C7H10O
99,['M+H'],1,M+H-CH3O2N
100,M-H,-1,M-H-C10H12O4
101,"['M', '-H']",-1,M-H-C10H10O5
102,"['M', '-H']",-1,M-H-C4H7O4N
103,"['M', '-H']",-1,M-H-C3H6O3
104,['M+H'],1,M+H-C2H7N
105,M+H,1,M+H-C6H9ON
106,['M+H'],1,M+H-C2H7O4P
107,['M+H'],1,M+H-C2HClO
108,['M+H'],1,M+H-C2Cl2
109,['M+H'],1,M+H-C2H2Cl2O
110,['M+H'],1,M+H-C5H10
111,M+H,1,M+H-C9H16O4
112,['M+H'],1,M+H-C6H6S
113,['M+H'],1,M+H-C2H6O
114,M+HCO2,-1,M+HCO2
115,M+H,1,M+H-C7H11ON
116,['M+H'],1,M+H-C6H8O6
117,['M+H'],1,M+H-CH5N
118,['M+H'],1,M+H-C21H40O3
119,M+H,1,M+H-C13H25O3N
120,"['M', '-H']",-1,M-H-H3ON
121,['M+H'],1,M+H-H5FO2
122,"['M', '-H']",-1,M-H-HF
123,['M+H'],1,M+H-C9H10ClN
124,['M+H'],1,M+H-C5H13N
125,M+H,1,M+H-C6H11ON
126,M+H,1,M+H-C14H19ON3
127,['M+H'],1,M+H-C6H10
128,['M+H'],1,M+H-C6H12O
129,['M+H'],1,M+H-C7H9N
130,M+H,1,M+H-C13H17N
131,"['M', '-H']",-1,M-H-C4H2O3
132,['M+H'],1,M+H-SO2
133,"['M', '-H']",-1,M-H-H3O4P
134,['M+H'],1,M+H-H5O5P
135,['M+H'],1,M+H-H3ON
137,"['M', '-H']",-1,M-H-C3H6O
138,"['M', '-H']",-1,M-H-CH2O3
139,"['M', '-H']",-1,M-H-C5H10O
140,['M+H'],1,M+H-C6H6
141,"['M', '-H']",-1,M-H-C6H6
142,['M+H'],1,M+H-CHON
143,['M+H'],1,M+H-CH3N
144,['M+H'],1,M+H-CH2N
146,['M+H'],1,M+H-C8H4FON
147,['M+H'],1,M+H-C8H5ON
148,['M+H'],1,M+H-HCl
149,['M+H'],1,M+H-CHClO
150,M+H,1,M+H-C11H15N
151,M+H,1,M+H-C12H15N
152,['M+H'],1,M+H-C4H6
153,['M+H'],1,M+H-C4H8
154,['M+H'],1,M+H-CH4O2
155,M+H,1,M+H-CBrO
156,['M+H'],1,M+H-C4H7ON
157,['M+H'],1,M+H-HO
158,['M+H'],1,M+H-C2H5ON
159,['M+H'],1,M+H-C2H2O
160,['M+H'],1,M+H-C3H5N
161,['M+H'],1,M+H-C3H9ON
162,"['M', '-H']",-1,M-H-C2H7N
163,['M+H'],1,M+H-CH7ON
164,['M+H'],1,M+H-C4H11N
165,['M+H'],1,M+H-C6H15N
166,['M+H'],1,M+H-H4SO5
167,['M+H'],1,M+H-C4H9N
168,['M+H'],1,M+H-C2H3ON
169,['M+H'],1,M+H-CClO
170,"['M', '-H']",-1,M-H-C2H4O
171,['M+H'],1,M+H-C2H5
172,['M+H'],1,M+H-HF
173,['M+H'],1,M+H-H3FO
174,['M+H'],1,M+H-C3H9FO2
175,['M+H'],1,M+H-CH3ON
176,['M+H'],1,M+H-C6H8
177,M+H,1,M+H-C11H14ClON
178,M+H,1,M+H-C7H13ON
179,M+H,1,M+H-C8H15N
180,M+H,1,M+H-C9H13N
181,M+H,1,M+H-C6H9O3N
182,['M+H'],1,M+H-C4H9O2N
183,['M+H'],1,M+H-C3H7ON
184,['M+H'],1,M+H-C6H12O2
185,['M+H'],1,M+H-C3H9N
186,['M+H'],1,M+H-C4H9ON
187,M+H,1,M+H-C9H10O3
188,M+H,1,M+H-C11H13N
189,['M+H'],1,M+H-CH6O
190,['M+H'],1,M+H-C2H3O2N
191,['M+H'],1,M+H-C3H6O2
192,['M+H'],1,M+H-C6H10O
193,['M+H'],1,M+H-C7H5ON
194,['M+H'],1,M+H-C7H7ON
195,['M+H'],1,M+H-C5H8
196,M+H,1,M+H-C8H13ON
197,['M+H'],1,M+H-C6H13SO2N3
198,['M+H'],1,M+H-C3H4ON4
199,['M+H'],1,M+H-C3H4O
200,M+H,1,M+H-C9H14
201,['M+H'],1,M+H-C7H17N
202,['M+H'],1,M+H-H3SO2N
204,['M+H'],1,M+H-C9H20O
205,"['M', '-H']",-1,M-H-C4H6O3
206,['M+H'],1,M+H-C6H6ClN
207,['M+H'],1,M+H-C7H4ClON
208,['M+H'],1,M+H-C2H2F3ON
209,['M+H'],1,M+H-C8H16
210,"['M', '-H']",-1,M-H-CH5N
211,['M+H'],1,M+H-C4H6F3O3N
212,['M+H'],1,M+H-C2H6ON2
213,"['M', '-H']",-1,M-H-C4H10O
214,M-H,-1,M-H-C9H11O2N
215,"['M', '-H']",-1,M-H-H2S
216,"['M', '-H']",-1,M-H-C2H2O
217,"['M', '-H']",-1,M-H-C2H5ON
218,M+H,1,M+H-C9H12ON2
219,M+H,1,M+H-C5H10ON2
220,"['M', '-H']",-1,M-H-C5H10ON2
221,"['M', '-H']",-1,M-H-CH3F3O
222,['M+H'],1,M+H-C5H12ON2
223,"['M', '-H']",-1,M-H-CH2O
224,M+H,1,M+H-C6H5
225,M-H,-1,M-H-CH2O2
226,M+H,1,M+H-C6H4Cl
227,"['M', '-H']",-1,M-H-ON
228,['M+H'],1,M+H-H2Cl2
229,['M+H'],1,M+H-C3H6O
230,['M+H'],1,M+H-CH2O3
231,M-H,-1,M-H-CH2O4N
232,['M+H'],1,M+H-C3H6O4
233,"['M', '-H']",-1,M-H-C3H6O4
234,"['M', '-H']",-1,M-H-C2H4O4
235,"['M', '-H']",-1,M-H-C7H5O5N3
236,"['M', '-H']",-1,M-H-C9H11O8N3
237,"['M', '-H']",-1,M-H-C12H13O7N3
238,"['M', '-H']",-1,M-H-C11H13O8N3
239,"['M', '-H']",-1,M-H-CH4O4
240,M-H,-1,M-H-C5H11O3
241,"['M', '-H']",-1,M-H-C5H10O4
242,['M+H'],1,M+H-C6H5O4N3
243,"['M', '-H']",-1,M-H-C2H6SO3
244,"['M', '-H']",-1,M-H-C2H6SO4
245,"['M', '-H']",-1,M-H-C4H8SO4
246,['M+H'],1,M+H-C6H12O6
247,M+H,1,M+H-C6H13O2N
248,M-H,-1,M-H-C4H9O3
249,['M+H'],1,M+H-C8H10S
250,M+H,1,M+H-C8H12O
251,"['M', '-H']",-1,M-H-CH4O2
252,['M+H'],1,M+H-CH2N2
253,"['M', '-H']",-1,M-H-CH2N2
254,['M+H'],1,M+H-C10H8
255,['M+H'],1,M+H-C6H10O4
256,"['M', '-H']",-1,M-H-C6H10O4
257,['M+H'],1,M+H-C2H5O2N
258,['M+H'],1,M+H-C5H8O3
259,['M+H'],1,M+H-CH3O5P
260,['M+H'],1,M+H-C5H7O2N
261,"['M', '-H']",-1,M-H-C5H7O2N
262,['M+H'],1,M+H-C7H14O
263,M+H,1,M+H-C8H16O
264,M+H,1,M+H-C9H18O
265,M+H,1,M+H-C9H9O2N
266,['M+H'],1,M+H-C4H8O4
267,['M+H'],1,M+H-C4H11ON
268,M-H,-1,M-H-C7H13O2N
269,['M+H'],1,M+H-C5H9O4N
270,"['M', '-H']",-1,M-H-C5H7O3N
271,['M+H'],1,M+H-C3H6ON2
272,['M+H'],1,M+H-C8H18O
273,"['M', '-H']",-1,M-H-C3H4O2
274,"['M', '-H']",-1,M-H-C2O3
275,['M+H'],1,M+H-CH4O3
276,"['M', '-H']",-1,M-H-C3H5O4N
277,['M+H'],1,M+H-C6H6O
278,['M+H'],1,M+H-C8H6O2
279,"['M', '-H']",-1,M-H-C7H6O
280,['M+H'],1,M+H-3H2O
281,['M+H'],1,M+H-C8H9ON
282,"['M', '-H']",-1,M-H-C8H6O
283,['M+H'],1,M+H-C5H9O7P
284,"['M', '-H']",-1,M-H-C5H5N5
285,"['M', '-H']",-1,M-H-C5H7O6P
286,['M+H'],1,M+H-C5H8O4
287,"['M', '-H']",-1,M-H-C4H10O5
288,M+H,1,M+H-C11H17O2N
289,['M+H'],1,M+H-CH6O3
290,['M+H'],1,M+H-4H2O
291,"['M', '-H']",-1,M-H-C3H8O4
292,['M+H'],1,M+H-CH5ON
293,['M+H'],1,M+H-C16H32O2
294,M+H,1,M+H-C18H32O2
295,['M+H'],1,M+H-C19H38O4
296,['M+H'],1,M+H-C2H4O
297,['M+H'],1,M+H-C2H6O2
298,['M+H'],1,M+H-C2H8O3
299,['M+H'],1,M+H-CH5SO2N
300,['M+H'],1,M+H-C6H12O5
301,['M+H'],1,M+H-CH2SO5
302,"['M', '-H']",-1,M-H-SO3
303,"['M', '-H']",-1,M-H-CSO5
304,['M+H'],1,M+H-C2H6O3NP
305,"['M', '-H']",-1,M-H-C2H7ON
306,M-H,-1,M-H-C2O4
307,['M+H'],1,M+H-C6H11O6N
308,"['M', '-H']",-1,M-H-C6H8O6
309,['M+H'],1,M+H-C6H10O7
310,['M+H'],1,M+H-C5H10O3
311,M+H,1,M+H-C9H16O
312,M-H,-1,M-H-C13H16O
313,['M+H'],1,M+H-H3O4P
314,['M+H'],1,M+H-CH5O5P
315,"['M', '-H']",-1,M-H-C16H12O2
316,M-H,-1,M-H-C16H14O3
317,['M+H'],1,M+H-C12H22O10
318,['M+H'],1,M+H-SO3
319,['M+H'],1,M+H-C11H17O8N
320,['M+H'],1,M+H-C11H19O9N
321,"['M', '-H']",-1,M-H-C14H25O11N
322,M-H,-1,M-H-C8H16O2
323,['M+H'],1,M+H-C6H10O5
324,['M+H'],1,M+H-C2H8O4NP
325,['M+H'],1,M+H-C20H42O4NP
326,"['M', '-H']",-1,M-H-C15H35O4P
327,"['M', '-H']",-1,M-H-C22H30O
328,M-H,-1,M-H-C27H43O5
329,"['M', '-H']",-1,M-H-C22H43O8P
330,"['M', '-H']",-1,M-H-C24H43O8P
331,"['M', '-H']",-1,M-H-C35H68O5
332,['M+H'],1,M+H-CH4SN2
333,['M+H'],1,M+H-C3H7O5P
334,M+H,1,M+H-C16H28O3
335,M+H,1,M+H-CH5O
336,['M+H'],1,M+H-C2H6O3
337,"['M', '-H']",-1,M-H-C18H30O14
338,['M+H'],1,M+H-C6H16O8
339,['M+H'],1,M+H-C13H14O6N2
340,"['M', '-H']",-1,M-H-C7H7ON5
341,['M+H'],1,M+H-C8H11N
342,['M+H'],1,M+H-C10H7ON
343,['M+H'],1,M+H-C5H13SO3N
344,['M+H'],1,M+H-C5H15SO4N
345,M+H,1,M+H-H3Cl2O
346,['M+H'],1,M+H-C9H10
347,M+H,1,M+H-C10H15N
348,['M+H'],1,M+H-C2H7SO2N
349,['M+H'],1,M+H-C7H6O2
350,['M+H'],1,M+H-C10H12F3N
351,['M+H'],1,M+H-C3H4N2
352,['M+H'],1,M+H-C6H7ON
353,['M+H'],1,M+H-C3H7FO
354,['M+H'],1,M+H-C8H4F3O2N
355,['M+H'],1,M+H-CH2
356,M+H,1,M+H-C8H16O2N2
357,['M+H'],1,M+H-C5H9ON
358,M+H,1,M+H-C13H17ON
359,['M+H'],1,M+H-C6H13N
360,['M+H'],1,M+H-C7H4Cl2O2
361,['M+H'],1,M+H-C8H8
362,['M+H'],1,M+H-C7H8O3
363,['M+H'],1,M+H-CHSN
364,M+H,1,M+H-C11H14BrON
365,['M+H'],1,M+H-C5H11N
366,M+H,1,M+H-C12H15ON3
367,['M+H'],1,M+H-C5H7ON
368,['M+H'],1,M+H-CHSO3N
369,['M+H'],1,M+H-CH2S
370,['M+H'],1,M+H-C8H9SO4N
371,['M+H'],1,M+H-C7H6F4O3N4
372,"['M', '-H']",-1,M-H-C9H20
373,['M+H'],1,M+H-C2H7ON
374,['M+H'],1,M+H-C4H6SO
375,['M+H'],1,M+H-C3H5O2N
376,M+H,1,M+H-C11H14O2
377,['M+H'],1,M+H-C10H9N
378,M+H,1,M+H-C9H13O4N
379,M+H,1,M+H-C12H17O2N
380,M+H,1,M+H-C14H21O2N
381,['M+H'],1,M+H-C8H7ON
382,['M+H'],1,M+H-C11H10N2
383,M+H,1,M+H-C16H18O2
384,['M+H'],1,M+H-C2H9ON
385,['M+H'],1,M+H-CH6O2
386,M+H,1,M+H-C9H9O3N
387,M+H,1,M+H-C9H11O4N
388,['M+H'],1,M+H-C10H15O5N
389,['M+H'],1,M+H-C8H10O
390,['M+H'],1,M+H-C8H10O2
391,M+H,1,M+H-C6H10O3
392,M+H,1,M+H-C12H17O3N
393,M+H,1,M+H-C11H17O4N
394,M+H,1,M+H-C10H12O2
395,['M+H'],1,M+H-C10H16O5
396,M+H,1,M+H-C10H14O4
397,['M+H'],1,M+H-C10H14O5
398,['M+H'],1,M+H-C4H13ON
399,['M+H'],1,M+H-C6H15O3N
400,['M+H'],1,M+H-H2
401,['M+H'],1,M+H-C4H4O
402,['M+H'],1,M+H-C9H8O2
403,M+H,1,M+H-C10H9O2N
404,M+H,1,M+H-C10H11ON
405,['M+H'],1,M+H-C12H14O7
406,M+H,1,M+H-C10H15O4N
407,['M+H'],1,M+H-C16H25O9N
408,['M+H'],1,M+H-CH2O
409,['M+H'],1,M+H-C9H10O2
410,['M+H'],1,M+H-C5H8O2
411,M+H,1,M+H-C13H19O5N
412,"['M', '-H']",-1,M-H-C2H4O2
413,['M+H'],1,M+H-H5ON
414,M+H,1,M+H-C9H13ON
415,"['M', '-H']",-1,M-H-C9H10O
416,['M+H'],1,M+H-C3H7O2N
417,M+H,1,M+H-C10H10O3
418,"['M', '-H']",-1,M-H-C3H2O3
419,M-H,-1,M-H-C2H3O
420,['M+H'],1,M+H-C8H15SON
421,['M+H'],1,M+H-C7H13O4N3
422,"['M', '-H']",-1,M-H-CH4O
423,"['M', '-H']",-1,M-H-C6H10O5
424,['M+H'],1,M+H-C2H8O
425,['M+H'],1,M+H-C4H8O
426,['M+H'],1,M+H-C3H4O4
427,['M+H'],1,M+H-C5H12O4
428,['M+H'],1,M+H-C5H14O5
429,['M+H'],1,M+H-C7H16O6
430,['M+H'],1,M+H-C7H18O7
431,['M+H'],1,M+H-C9H6O3
432,"['M', '-H']",-1,M-H-C5H4O2N4
433,"['M', '-H']",-1,M-H-C4H5ON3
434,['M+H'],1,M+H-C6H12O8
435,['M+H'],1,M+H-C6H14O9
436,['M+H'],1,M+H-C6H16O10
437,['M+H'],1,M+H-C19H34O11
438,['M+H'],1,M+H-C19H36O12
439,['M+H'],1,M+H-C12H24O11
440,['M+H'],1,M+H-C12H26O12
441,['M+H'],1,M+H-C12H28O13
442,M+H,1,M+H-C7H12O3
443,M+H,1,M+H-C7H14O4
444,['M+H'],1,M+H-C18H32O15
445,['M+H'],1,M+H-C18H34O16
446,['M+H'],1,M+H-C4H6O3
447,['M+H'],1,M+H-C5H8O5
448,['M+H'],1,M+H-C5H12O
449,"['M', '-H']",-1,M-H-C4H6O2
450,['M+H'],1,M+H-C3H8O5
451,['M+H'],1,M+H-C17H30O15
452,['M+H'],1,M+H-C17H32O16
453,['M+H'],1,M+H-C5H12O6
454,['M+H'],1,M+H-C2H10O5
455,['M+H'],1,M+H-C8H16O6
456,['M+H'],1,M+H-C8H18O7
457,['M+H'],1,M+H-C6H6O2
458,"['M', '-H']",-1,M-H-C6H6O2
459,M+H,1,M+H-HSO3
460,"['M', '-H']",-1,M-H-SO2
461,['M+H'],1,M+H-C7H10O5
462,"['M', '-H']",-1,M-H-C5H8O4
463,"['M', '-H']",-1,M-H-C7H10O5
464,['M+H'],1,M+H-C10H16O13N5P3
465,"['M', '-H']",-1,M-H-HO3P
466,"['M', '-H']",-1,M-H-C10H14O7N5P
467,"['M', '-H']",-1,M-H-C13H25SO8N2P
468,['M+H'],1,M+H-C3H9O6P
469,M+H,1,M+H-C7H14O2
470,['M+H'],1,M+H-C3H8O2
471,['M+H'],1,M+H-C7H16O2
472,['M+H'],1,M+H-C8H18O2
473,['M+H'],1,M+H-C4H10O2
474,['M+H'],1,M+H-C5H14O2
475,['M+H'],1,M+H-C9H20O2
476,['M+H'],1,M+H-C2H8O2
477,['M+H'],1,M+H-C4H14O3
478,M+H,1,M+H-C9H18O2
479,['M+H'],1,M+H-C3H10O3
480,['M+H'],1,M+H-C9H20O3
481,['M+H'],1,M+H-C9H20O4
482,['M+H'],1,M+H-C4H10O4
483,"['M', '-H']",-1,M-H-H2SO3
484,['M+H'],1,M+H-CH8O4
485,['M+H'],1,M+H-C2H6O4
486,['M+H'],1,M+H-C2H8O5
487,['M+H'],1,M+H-H2SO4
488,"['M', '-H']",-1,M-H-C9H22SO3
489,"['M', '-H']",-1,M-H-C6H10O6
490,['M+H'],1,M+H-H6SO6
491,['M+H'],1,M+H-C4H8O2
492,M-H,-1,M-H-C8H11O2N
493,M-H,-1,M-H-C10H15O2N
494,M+H,1,M+H-C11H11O2N
495,['M+H'],1,M+H-C2O2
496,"['M', '-H']",-1,M-H-C7H6O2
497,"['M', '-H']",-1,M-H-C8H8O
498,M+H,1,M+H-C9H13O2N
499,"['M', '-H']",-1,M-H-CH3
500,['M+H'],1,M+H-C16H18O9
501,"['M', '-H']",-1,M-H-C9H6O3
502,"['M', '-H']",-1,M-H-C16H16O8
503,['M+H'],1,M+H-C7H6O5
504,"['M', '-H']",-1,M-H-CH4SO
505,"['M', '-H']",-1,M-H-C30H46O4
506,M+H,1,M+H-C9H12O4
507,['M+H'],1,M+H-C15H20O8
508,['M+H'],1,M+H-C15H22O9
509,"['M', '-H']",-1,M-H-C9H8O2
510,M+H,1,M+H-C9H19ON
511,"['M', '-H']",-1,M-H-C8H8O2
512,['M+H'],1,M+H-C18H18O6
513,['M+H'],1,M+H-C5H13ON3
514,['M+H'],1,M+H-C5H10O5
515,['M+H'],1,M+H-C6H8O2
516,['M+H'],1,M+H-C7H8O2
517,['M+H'],1,M+H-C7H8O6
518,"['M', '-H']",-1,M-H-C13H14O9
519,M-H,-1,M-H-C13H17O3
520,M-H,-1,M-H-C12H14O3
521,"['M', '-H']",-1,M-H-C2H6
522,"['M', '-H']",-1,M-H-C6H12O6
523,['M+H'],1,M+H-C8H8O4
524,"['M', '-H']",-1,M-H-C6H6O3
525,['M+H'],1,M+H-C6H14O7
526,['M+H'],1,M+H-C7H16O7
527,['M+H'],1,M+H-C12H22O9
528,"['M', '-H']",-1,M-H-C12H20O9
529,['M+H'],1,M+H-C2O3
530,['M+H'],1,M+H-C13H16O7
531,"['M', '-H']",-1,M-H-C8H8O4
532,M+H,1,M+H-C8H16O4
533,M+H,1,M+H-C26H29O4N
534,"['M', '-H']",-1,M-H-C12H16O2N
535,"['M', '-H']",-1,M-H-C4H10
536,"['M', '-H']",-1,M-H-C12H20O10
537,"['M', '-H']",-1,M-H-C6H12O5
538,['M+H'],1,M+H-C10H18O9
539,['M+H'],1,M+H-C8H18O9
540,M+H,1,M+H-C2H5O2
541,['M+H'],1,M+H-C12H20O9
542,['M+H'],1,M+H-C10H18O8
543,['M+H'],1,M+H-C20H36O11
544,['M+H'],1,M+H-C20H38O12
545,['M+H'],1,M+H-C11H20O10
546,['M+H'],1,M+H-C11H22O11
547,['M+H'],1,M+H-C3H8O
548,['M+H'],1,M+H-C7H14O6
549,['M+H'],1,M+H-CH4
550,M+H,1,M+H-C20H25O5N3
551,['M+H'],1,M+H-C7H12O6
552,"['M', '-H']",-1,M-H-C4H8O4
553,M+H,1,M+H-C8H16O2
554,M+H,1,M+H-C10H15ON
555,['M+H'],1,M+H-C9H10O
556,['M+H'],1,M+H-C2H6
557,"['M', '-H']",-1,M-H-C2H4
558,['M+H'],1,M+H-C9H10O4
559,"['M', '-H']",-1,M-H-C10H13O
560,"['M', '-H']",-1,M-H-C9H11
561,['M+H'],1,M+H-C13H14O9
562,['M+H'],1,M+H-C15H10O7
563,['M+H'],1,M+H-C8H2Cl4
564,"['M', '-H']",-1,M-H-C2H2O2
565,['M+H'],1,M+H-C21H40SO2
566,['M+H'],1,M+H-C3H6O3
567,['M+H'],1,M+H-C4H7N
568,M+H,1,M+H-C10H13O2N
569,['M+H'],1,M+H-C7H9ON
570,['M+H'],1,M+H-C6H11N
571,['M+H'],1,M+H-C19H13ON
572,M+H,1,M+H-C15H20N2
573,['M+H'],1,M+H-C2H10O3
574,['M+H'],1,M+H-C2H6S
575,M-H,-1,M-H-C3H6NO
576,M+H,1,M+H-C10H11O2
577,['M+H'],1,M+H-C4H6O
578,['M+H'],1,M+H-C6H14N2O2
579,['M+H'],1,M+H-C2H6FN
580,['M+H'],1,M+H-C2H8FNO
581,['M+H'],1,M+H-C3H9NO
582,['M+H'],1,M+H-C9H22O2
583,M+H,1,M+H-C9H14O
584,['M+H'],1,M+H-C12H26O
585,"['M', '-H']",-1,M-H-C5H8O3
586,M+H,1,M+H-C12H16O5
587,"['M', '-H']",-1,M-H-C5H8O
588,M+H,1,M+H-C14H19NO
589,M+H,1,M+H-C13H17NO
590,['M+H'],1,M+H-C10H22O2
591,M+H,1,M+H-C14H17NO
592,"['M', '-H']",-1,M-H-C5H11
593,M+H,1,M+H-C12H15NO
594,"['M', '-H']",-1,M-H-C4H8
595,['M+H'],1,M+H-C9H9N
596,"['M', '-H']",-1,M-H-C5H8O2
597,"['M', '-H']",-1,M-H-C13H15NO2
598,"['M', '-H']",-1,M-H-C12H22O
599,"['M', '-H']",-1,M-H-C12H24O2
600,"['M', '-H']",-1,M-H-C15H29O6P
601,"['M', '-H']",-1,M-H-C14H26O
602,"['M', '-H']",-1,M-H-C18H35O8P
603,['M+H'],1,M+H-C2H8NO4P
604,"['M', '-H']",-1,M-H-C17H34NO6P
605,['M+H'],1,M+H-CH4N2O
606,['M+H'],1,M+H-C3H7N3O2
607,M+H,1,M+H-C13H16FNO
608,['M+H'],1,M+H-C19H19ClF3NO3
609,['M+H'],1,M+H-C13H12N6
610,M+H,1,M+H-C9H17NO
611,['M+H'],1,M+H-C13H16ClN
612,M-H,-1,M-H-C19H22O2
613,['M+H'],1,M+H-HCN
614,M+H,1,M+H-C6H11NO
615,['M+H'],1,M+H-C13H14
616,['M+H'],1,M+H-H3NO
617,M+H,1,M+H-C8H13NO3
618,M-H,-1,M-H-C8H13NO3
619,['M+H'],1,M+H-C8H7NO
620,['M+H'],1,M+H-C7H7N3O3S
621,"['M', '-H']",-1,M-H-C9H11NO
622,"['M', '-H']",-1,M-H-C10H9NOS
623,M+H,1,M+H-C16H20N2O2
624,M+H,1,M+H-C14H18N2O2
625,M-H,-1,M-H-C6H12NO
626,['M+H'],1,M+H-C15H18FN
627,M+H,1,M+H-C9H15N
628,M+H,1,M+H-C15H21N
629,M+H,1,M+H-C17H21NO
630,['M+H'],1,M+H-C8H5ClO
631,M-H,-1,M-H-C5H10F
633,['M+H'],1,M+H-C6H7NO3
634,['M+H'],1,M+H-C10H10O4
635,['M+H'],1,M+H-C17H28O7
636,['M+H'],1,M+H-C17H30O8
637,M+H,1,M+H-C17H18O6
638,['M+H'],1,M+H-C17H20O7
639,['M+H'],1,M+H-C8H16O3
640,['M+H'],1,M+H-C9H18O3
641,['M+H'],1,M+H-C10H17NO3
642,['M+H'],1,M+H-C9H16O3
643,['M+H'],1,M+H-C9H18O4
644,['M+H'],1,M+H-C30H40N2O7
645,['M+H'],1,M+H-S2
646,['M+H'],1,M+H-H2OS2
647,['M+H'],1,M+H-C5H11NO
648,"['M', '-H']",-1,M-H-C10H16O7
649,M+H,1,M+H-C8H14O2
650,['M+H'],1,M+H-C7H10ClNO2S
651,['M+H'],1,M+H-C7H7Cl
652,['M+H'],1,M+H-C13H16FN
653,['M+H'],1,M+H-C3H4O3
654,['M+H'],1,M+H-C13H15NO2
655,['M+H'],1,M+H-C14H15NO3
656,['M+H'],1,M+H-C12H14BrN3O
657,['M+H'],1,M+H-C2H7NO
658,['M+H'],1,M+H-C7H9NO
659,['M+H'],1,M+H-C9H5ClO
660,['M+H'],1,M+H-C13H17ClN2O
661,['M+H'],1,M+H-C27H50O4
662,['M+H'],1,M+H-C5H11NO2
663,['M+H'],1,M+H-C8H10N2O2
664,['M+H'],1,M+H-C16H20N2O3
665,['M+H'],1,M+H-C6H8O3
666,['M+H'],1,M+H-C7H6F3NO
667,['M+H'],1,M+H-C4H9NO
668,M+H,1,M+H-CH6N
669,['M+H'],1,M+H-C7H5NO
670,['M+H'],1,M+H-C2H3NO
671,['M+H'],1,M+H-C3H10O2
672,['M+H'],1,M+H-C3H12O3
673,['M+H'],1,M+H-C3H14O4
674,['M+H'],1,M+H-C9H12O6
675,['M+H'],1,M+H-C21H14O5
676,M+H,1,M+H-C9H8N2O2
677,['M+H'],1,M+H-C3H7NO2
678,['M+H'],1,M+H-CHNO
679,M+H,1,M+H-C6H13NO
680,M+H,1,M+H-C13H14N2
681,['M+H'],1,M+H-C2H3N3
682,['M+H'],1,M+H-C3H4N4
683,['M+H'],1,M+H-C2H5NO2
684,"['M', '-H']",-1,M-H-C3H3NO3
685,['M+H'],1,M+H-C4H4S
686,['M+H'],1,M+H-C12H10O2S
687,['M+H'],1,M+H-C19H13NO
688,['M+H'],1,M+H-C5H5N5
689,['M+H'],1,M+H-C9H12N2O
690,['M+H'],1,M+H-C8H10N2
691,['M+H'],1,M+H-C13H15N
692,['M+H'],1,M+H-C5H6O4
693,['M+H'],1,M+H-C4H5N3S
694,"['M', '-H']",-1,M-H-C7H15NO7
695,"['M', '-H']",-1,M-H-C7H17NO8
696,"['M', '-H']",-1,M-H-C10H15O6
697,['M+H'],1,M+H-C8H4O3
698,['M+H'],1,M+H-C8H8O
699,"['M', '-H']",-1,M-H-C9H6O2
700,M+H,1,M+H-C8H8O3
701,['M+H'],1,M+H-C6H6O3
702,"['M', '-H']",-1,M-H-C8H8O3
703,M+H,1,M+H-C2H3O
704,"['M', '-H']",-1,M-H-C10H20O10
705,['M+H'],1,M+H-C6H14O6
706,M+H,1,M+H-C13H14O2
707,['M+H'],1,M+H-C8H8O2
708,M-H,-1,M-H-C12H12O2
709,['M+H'],1,M+H-C18H30O14
710,['M+H'],1,M+H-C11H18O8
711,['M+H'],1,M+H-C17H28O13
712,['M+H'],1,M+H-C18H30O13
713,['M+H'],1,M+H-C12H20O8
715,['M+H'],1,M+H-CH8O3
716,M+H,1,M+H-C11H21ON
717,['M+H'],1,M+H-C8H7ClO2
718,['M+H'],1,M+H-C8H9N
719,['M+H'],1,M+H-C12H18O5NP
720,['M+H'],1,M+H-C11H10
721,"['M', '-H']",-1,M-H-C2HO2N
722,M+H,1,M+H-C11H17ON
723,M+H,1,M+H-C13H15O2N
724,['M+H'],1,M+H-C9H7ON
725,['M+H'],1,M+H-C6H5F2N
726,M+H,1,M+H-C13H17N3O2
727,['M+H'],1,M+H-C7H14
728,['M+H'],1,M+H-C8H7N3
729,['M+H'],1,M+H-C7H8N2O5
730,['M+H'],1,M+H-C13H13NO6
731,['M+H'],1,M+H-N2
732,['M+H'],1,M+H-CH2N4
733,['M+H'],1,M+H-C7H7N
734,M+H,1,M+H-C9H9NO
735,M+H,1,M+H-C11H9NO2
736,['M+H'],1,M+H-C7H10
737,['M+H'],1,M+H-C12H14ClN3O
738,['M+H'],1,M+H-C13H11NO
739,['M+H'],1,M+H-C13H17N3O
740,['M+H'],1,M+H-HFN2
741,['M+H'],1,M+H-C8H6F3N
742,['M+H'],1,M+H-C10H8F3NO
743,['M+H'],1,M+H-C2H2N2O
744,['M+H'],1,M+H-C5H6N2
745,['M+H'],1,M+H-C6H4N2O
746,['M+H'],1,M+H-C30H23F2N3O5S2
747,['M+H'],1,M+H-C11H14N2O
748,['M+H'],1,M+H-CH4N4
749,['M+H'],1,M+H-C5H11
750,['M+H'],1,M+H-C2H7NO2S
751,['M+H'],1,M+H-C12H13N3
752,['M+H'],1,M+H-CH3N3
753,['M+H'],1,M+H-C2H5N3
754,['M+H'],1,M+H-C3H4O2
755,['M+H'],1,M+H-C11H9FN2O
756,['M+H'],1,M+H-C12H15N3O
757,['M+H'],1,M+H-C5H6
758,['M+H'],1,M+H-C9H8N2
759,['M+H'],1,M+H-C4H10O4S
760,"['M', '-H']",-1,M-H-C6H10O3S
761,M+H,1,M+H-C9H17NO2
762,['M+H'],1,M+H-C7H8FN
763,['M+H'],1,M+H-C9H7Cl2NO2
764,"['M', '-H']",-1,M-H-C8H14OS
765,M+H,1,M+H-C11H13N3O4
766,['M+H'],1,M+H-C12H11N
767,['M+H'],1,M+H-C15H20N2O4
768,['M+H'],1,M+H-C15H22N2O5
769,"['M', '-H']",-1,M-H-C26H23NO3S
770,['M+H'],1,M+H-C3H3N3O2S
771,"['M', '-H']",-1,M-H-CH2N2O2
772,['M+H'],1,M+H-C10H7NO3S
773,"['M', '-H']",-1,M-H-2H2O
774,['M+H'],1,M+H-C5H10O
775,['M+H'],1,M+H-C7H8O
776,"['M', '-H']",-1,M-H-C8H5NO2
777,M+H,1,M+H-C7H10O2
778,['M+H'],1,M+H-C6H8O4
779,['M+H'],1,M+H-C4H8O3
780,"['M', '-H']",-1,M-H-C4H8O3
781,['M+H'],1,M+H-C7H8ClNO2S
782,['M+H'],1,M+H-C7H10ClNO3S
783,['M+H'],1,M+H-C7H12ClNO4S
784,['M+H'],1,M+H-C12H16N4O6
785,['M+H'],1,M+H-C11H11F2NO4
786,['M+H'],1,M+H-C12H11F2NO5
787,M+H,1,M+H-C14H18N2O
788,['M+H'],1,M+H-CH3NO
789,"['M', '-H']",-1,M-H-C9H10O5
790,M+H,1,M+H-C12H12N2O3
791,"['M', '-H']",-1,M-H-C13H9FO
792,['M+H'],1,M+H-C7H7NO4
793,M-H,-1,M-H-C17H20O3
794,['M+H'],1,M+H-C2H6N2O
795,['M+H'],1,M+H-C3H6N2O2
796,M-H,-1,M-H-C17H20O2
797,M+C2F3O2,-1,M+C2F3O2
798,['M+H'],1,M+H-C7H12O5
799,"['M', '-H']",-1,M-H-C8H12
800,"['M', '-H']",-1,M-H-C15H12O3
801,['M+H'],1,M+H-C10H17N
802,['M+H'],1,M+H-C16H21N
803,['M+H'],1,M+H-C7H7O2S
804,['M+H'],1,M+H-C13H15NO
805,['M+H'],1,M+H-C4H10N2
806,['M+H'],1,M+H-C7H8
807,['M+H'],1,M+H-C2HNO2
808,['M+H'],1,M+H-CH5O4P
809,['M+H'],1,M+H-C9H17NO4
810,['M+H'],1,M+H-C10H11N
811,['M+H'],1,M+H-C9H18N2
812,['M+H'],1,M+H-C7H6F3N
813,['M+H'],1,M+H-C14H19N
814,['M+H'],1,M+H-C7H8N2O2
815,['M+H'],1,M+H-C12H19NO2
816,['M+H'],1,M+H-C16H20N2O
817,['M+H'],1,M+H-C10H13NO
818,['M+H'],1,M+H-C7H7NO
819,['M+H'],1,M+H-CH3O2S
820,['M+H'],1,M+H-C6H5Cl2NO2S
821,['M+H'],1,M+H-C5H7FO3
822,['M+H'],1,M+H-C5H4OS
823,['M+H'],1,M+H-C13H16FN3O2
824,['M+H'],1,M+H-C6H9NO3
825,['M+H'],1,M+H-C11H12O3
826,['M+H'],1,M+H-C9H7NO
827,['M+H'],1,M+H-HBr
828,['M+H'],1,M+H-C5H7Br
829,['M+H'],1,M+H-C14H16FNO
830,['M+H'],1,M+H-C9H9NO2
831,['M+H'],1,M+H-C3H11NO
832,['M+H'],1,M+H-C5H13NO
833,['M+H'],1,M+H-C11H10F3NO
834,['M+H'],1,M+H-C18H22O5S
835,['M+H'],1,M+H-C18H24N2O2
836,['M+H'],1,M+H-C8H10F6N2O2
837,['M+H'],1,M+H-C5H9N
838,['M+H'],1,M+H-C10H9NO3S
839,['M+H'],1,M+H-C3H3NO2
840,['M+H'],1,M+H-C11H13NO
841,['M+H'],1,M+H-C10H24N4
842,['M+H'],1,M+H-C14H18F3N3O3
843,['M+H'],1,M+H-2H2O-NH3
844,['M+H'],1,M+H-C9H7N3O
845,['M+H'],1,M+H-C4H7NO3
846,['M+H'],1,M+H-C3H9NO2
847,['M+H'],1,M+H-C4H11NO
848,['M+H'],1,M+H-C8H15NO
849,"['M', '-H']",-1,M-H-C6H13N
850,['M+H'],1,M+H-C5H7O6P
851,['M+H'],1,M+H-C8H10
852,['M+H'],1,M+H-C9H16
853,['M+H'],1,M+H-C5H9NS
854,"['M', '-H']",-1,M-H-C2HNO2
855,"['M', '-H']",-1,M-H-C8H17NO
856,['M+H'],1,M+H-C10H15NO2
857,['M+H'],1,M+H-C13H16FN3O
858,['M+H'],1,M+H-C6H12N2O
859,['M+H'],1,M+H-C4H3O2S2
860,['M+H'],1,M+H-C4H4O3S2
861,['M+H'],1,M+H-C4H9O5P
862,"['M', '-H']",-1,M-H-CHNO
863,"['M', '-H']",-1,M-H-C12H14N2O2
864,['M+H'],1,M+H-C3H5NO
865,"['M', '-H']",-1,M-H-C3H5NO
866,"['M', '-H']",-1,M-H-C12H24N2O4
867,['M+H'],1,M+H-C7H16N2O2
868,['M+H'],1,M+H-C7H7BrN2O
869,['M+H'],1,M+H-C10H9BrN2O2
870,"['M', '-H']",-1,M-H-C10H8N2OS
871,"['M', '-H']",-1,M-H-C7H7BrN2O
872,"['M', '-H']",-1,M-H-C10H8N4OS
873,"['M', '+H']",1,M+H-C10H12N2O2
874,"['M', '-H']",-1,M-H-C16H21NO3
875,"['M', '-H']",-1,M-H-NO
876,['M+H'],1,M+H-C4H10O3
877,['M+H'],1,M+H-O2N
878,['M+H'],1,M+H-C7H4O2
879,"['M', '-H']",-1,M-H-C7H4O2
880,['M+H'],1,M+H-C9H18
881,"['M', '-H']",-1,M-H-C8H12O
882,"['M', '-H']",-1,M-H-C8H6O3
883,['M+H'],1,M+H-C12H20O
884,['M+H'],1,M+H-C5H8ON2
885,['M+H'],1,M+H-C6H15ON
886,['M+H'],1,M+H-C7H7O2N
887,['M+H'],1,M+H-C4H5N3
888,"['M', '-H']",-1,M-H-C14H22SO
889,"['M', '-H']",-1,M-H-C17H27SO
890,['M+H'],1,M+H-C5H10O4
891,['M+H'],1,M+H-CH5O2N
892,"['M', '-H']",-1,M-H-CH3O2N
893,['M+H'],1,M+H-C13H19O3N
894,['M+H'],1,M+H-HN3
895,['M+H'],1,M+H-C9H12O2
896,['M+H'],1,M+H-C17H26O2N2
897,"['M', '-H']",-1,M-H-C4H4O2
898,"['M', '-H']",-1,M-H-C2H3O2
899,"['M', '-H']",-1,M-H-C2H3N
900,"['M', '-H']",-1,M-H-C3H2O2
901,"['M', '-H']",-1,M-H-C3H3O2N
902,M+H,1,M+H-C7H11O2N3
903,['M+H'],1,M+H-C4H5O4N
904,['M+H'],1,M+H-C5H11O2N
905,['M+H'],1,M+H-C6H7S2O4N
906,['M+H'],1,M+H-C2Cl2O
907,['M+H'],1,M+H-C8H12N4
908,['M+H'],1,M+H-C4H11SO3P
909,['M+H'],1,M+H-C9H16SO
910,['M+H'],1,M+H-C5H11SON
911,['M+H'],1,M+H-C7H7ClS
912,['M+H'],1,M+H-C7H8S
913,['M+H'],1,M+H-C10H9ClO
914,"['M', '-H']",-1,M-H-C10H9ClO
915,['M+H'],1,M+H-C3H12O4N
916,['M+H'],1,M+H-C10H19SO6N
917,['M+H'],1,M+H-C7H9N5
918,['M+H'],1,M+H-C6H15O4N
919,['M+H'],1,M+H-C8H17O5N
920,"['M', '-H']",-1,M-H-C6H13O3N
921,['M+H'],1,M+H-C6H6ClSO2N
922,['M+H'],1,M+H-C7H4ClSO3N
923,['M+H'],1,M+H-C4H4O2
924,['M+H'],1,M+H-C8H17N
925,['M+H'],1,M+H-C12H22
926,['M+H'],1,M+H-C9H5F3SN2
927,['M+H'],1,M+H-C9H6F4SN2
928,['M+H'],1,M+H-C7H5F2ON
929,['M+H'],1,M+H-C6H5F
930,['M+H'],1,M+H-C7H16O3
931,['M+H'],1,M+H-C10H20O2
932,['M+H'],1,M+H-C11H22O2
933,['M+H'],1,M+H-C3H5ON
934,"['M', '-H']",-1,M-H-C3H5ON
935,['M+H'],1,M+H-C4H7SO2N
936,"['M', '-H']",-1,M-H-C4H9SO2N
937,['M+H'],1,M+H-C2H7O3N
938,"['M', '-H']",-1,M-H-C2H8O3
939,"['M', '-H']",-1,M-H-C4H9O3N
940,['M+H'],1,M+H-CH4ON2
941,['M+H'],1,M+H-C6H12Cl3ON
942,"['M', '-H']",-1,M-H-HCl
943,['M+H'],1,M+H-C6H9SO2N
944,['M+H'],1,M+H-C13H8Cl2O3N2
945,"['M', '-H']",-1,M-H-CH2SO2
946,['M+H'],1,M+H-C5H9O6P
947,['M+H'],1,M+H-C6H10SO3
948,['M+H'],1,M+H-C16H24O4N2
949,['M+H'],1,M+H-C7H7O3N
950,"['M', '-H']",-1,M-H-C6H14O2NP
951,['M+H'],1,M+H-C6H9N3
952,['M+H'],1,M+H-C6H8ClSO4N3
953,['M+H'],1,M+H-C10H9SO3N
954,['M+H'],1,M+H-C10H12SO3N2
955,['M+H'],1,M+H-C8H14O
956,['M+H'],1,M+H-C8H14O7
957,['M+H'],1,M+H-C8H16O8
958,['M+H'],1,M+H-C4H7O2N
959,['M+H'],1,M+H-C14H26O
960,"['M', '-H']",-1,M-H-C3H5O2N
961,['M+H'],1,M+H-C3H6N2
962,['M+H'],1,M+H-C6H14O
963,['M+H'],1,M+H-C2H2O3
964,['M+H'],1,M+H-C11H18O9
965,"['M', '-H']",-1,M-H-C11H18O9
966,"['M', '-H']",-1,M-H-C2H4O3
967,['M+H'],1,M+H-C5H10O2
968,['M+H'],1,M+H-H3ClO
969,['M+H'],1,M+H-C6H10SO4NP
970,['M+H'],1,M+H-C5H12O3
971,['M+H'],1,M+H-C5H14O4
972,"['M', '-H']",-1,M-H-C7H8O
973,"['M', '-H']",-1,M-H-C14H16O2
974,['M+H'],1,M+H-C14H16O6
975,['M+H'],1,M+H-C12H18O2
976,['M+H'],1,M+H-C10H13ClN2
977,['M+H'],1,M+H-C11H18O
978,['M+H'],1,M+H-C11H13F2BrO2
979,['M+H'],1,M+H-C9H7ClON2
980,['M+H'],1,M+H-C4H7N3
981,['M+H'],1,M+H-ClO2N
982,"['M', '-H']",-1,M-H-C2H2O3
983,"['M', '-H']",-1,M-H-C10H18O5N2
984,['M+H'],1,M+H-C4H5ON3
985,['M+H'],1,M+H-C19H38
986,['M+H'],1,M+H-C23H42O3
987,"['M', '-H']",-1,M-H-C3H8O2
988,"['M', '+H']",1,M+H-C13H18O
989,"['M', '-H']",-1,M-H-C6H7O3N
990,"['M', '-H']",-1,M-H-C6H10O3N2
991,['M+H'],1,M+H-C6H12SO2N2
992,M+H,1,M+H-C10H10O2N2
993,M-H,-1,M-H-C7H10O3N2
994,['M+H'],1,M+H-C3H5O2N3
995,['M+H'],1,M+H-C3H5SN3
996,"['M', '+H']",1,M+H-C5H7SO
997,['M+H'],1,M+H-C5H11FO2
998,"['M', '+H']",1,M+H-C5H13FO3
999,"['M', '-H']",-1,M-H-C6H2Cl2SO
1000,['M+H'],1,M+H-H2SO2
1001,['M+H'],1,M+H-C5H7ON3
1002,['M+H'],1,M+H-C5H7SO2N3
1003,['M+H'],1,M+H-C5H12N2
1004,"['M', '-H']",-1,M-H-C7H5ON
1005,['M+H'],1,M+H-C8H9ClO3
1006,['M+H'],1,M+H-C4H4ClN3
1007,"['M', '+H']",1,M+H-C9H12O3
1008,['M+H'],1,M+H-C6H5SO4N
1009,"['M', '+H']",1,M+H-C6H4SO4N
1010,['M+H'],1,M+H-C8H7SO3N
1011,['M+H'],1,M+H-C6H7SO2N
1012,"['M', '-H']",-1,M-H-CH6O3
1013,['M+H'],1,M+H-C4H5SN3
1014,['M+H'],1,M+H-C7H6O
1015,['M+H'],1,M+H-C6H5N3
1016,"['M', '-H']",-1,M-H-C3H7SO2N
1017,"['M', '-H']",-1,M-H-C3H7S2O2N
1018,"['M', '-H']",-1,M-H-H4N2
1019,['M+H'],1,M+H-C4H8O3N2
1020,['M+H'],1,M+H-C8H13O5N
1021,['M+H'],1,M+H-H7O6P
1022,['M+H'],1,M+H-C4H5O3N
1023,M+H,1,M+H-C7H12O
1024,M+H,1,M+H-C8H12O2
1025,['M+H'],1,M+H-H2S
1026,['M+H'],1,M+H-C6H8O
1027,['M+H'],1,M+H-H3N3
1028,['M+H'],1,M+H-C7H12O2
1029,['M-H'],-1,M-H-C10H12O3
1030,['M+H'],1,M+H-C2H5F3O
1031,"['M', '-H']",-1,M-H-CH4O3N2
1032,['M+H'],1,M+H-C7H13O3N
1033,['M+H'],1,M+H-C7H13O4N
1034,"['M', '-H']",-1,M-H-H3O3P
1035,['M+H'],1,M+H-C6H15SO5N
1036,['M+H'],1,M+H-ON
1037,['M+H'],1,M+H-C3H5O3N3
1038,['M+H'],1,M+H-C20H33ON
1039,['M+H'],1,M+H-C8H11O2N
1040,['M+H'],1,M+H-C20H30O
1041,['M+H'],1,M+H-C6H6O2N2
1042,['M+H'],1,M+H-C6H8O3N2
1043,"['M', '-H']",-1,M-H-C6H14O2
1044,"['M', '-H']",-1,M-H-C9H12O2
1046,['M+H'],1,M+H-C14H24O2
1047,['M+H'],1,M+H-C7H7SON
1048,['M+H'],1,M+H-C15H24
1049,['M+H'],1,M+H-C15H27N
1050,['M+H'],1,M+H-C9H9ON
1051,['M+H'],1,M+H-C9H8FON
1052,['M+H'],1,M+H-C12H14ClON3
1053,"['M', '-H']",-1,M-H-CH4
1054,['M+H'],1,M+H-C2H10ON
1055,['M+H'],1,M+H-C9H11ON
1056,"['M', '-H']",-1,M-H-C7H12O4
1057,['M+H'],1,M+H-C15H24O2N2
1058,['M+H'],1,M+H-C10H14BrO2N
1059,['M+H'],1,M+H-C9H7O2N
1060,['M+H'],1,M+H-C7H5FO2
1061,M+H,1,M+H-C12H13FON2
1062,['M+H'],1,M+H-C3H3O2N
1063,['M+H'],1,M+H-C3H6O2N2
1064,"['M', '-H']",-1,M-H-C6H15O2N
1065,M+H,1,M+H-C11H14O3
1066,['M+H'],1,M+H-C3H7O
1067,"['M', '-H']",-1,M-H-C6H9ClO6
1068,['M+H'],1,M+H-C19H28O2N2
1069,['M+H'],1,M+H-C19H25SN3
1070,['M+H'],1,M+H-C8H6O3
1071,['M+H'],1,M+H-C4H11O2N
1072,['M+H'],1,M+H-C8H15ON
1073,['M+H'],1,M+H-C5H13O2N
1074,['M+H'],1,M+H-C9H19N
1075,['M+H'],1,M+H-C10H21N
1076,['M+H'],1,M+H-C12H13O2N
1077,['M+H'],1,M+H-C12H15ON
1078,['M+H'],1,M+H-C14H19ON
1079,['M+H'],1,M+H-C13H16FON
1080,['M+H'],1,M+H-C14H18ON2
1081,"['M', '-H']",-1,M-H-C7H8O8
1082,"['M', '-H']",-1,M-H-C2H3ON
1083,['M+H'],1,M+H-C5H8O2N2
1084,['M+H'],1,M+H-C5H6S
1085,['M+H'],1,M+H-C6H11O2N
1086,['M+H'],1,M+H-C11H17SO2N
1087,['M+H'],1,M+H-C2H8SN
1088,['M+H'],1,M+H-C3H11SN
1089,['M+H'],1,M+H-C14H13N
1090,['M+H'],1,M+H-C13H11S2N
1091,['M+H'],1,M+H-C6H7FN2
1092,['M+H'],1,M+H-C6H13SO2N2
1093,['M+H'],1,M+H-C11H13SN3
1094,['M+H'],1,M+H-C2H7S2O2P
1095,['M+H'],1,M+H-H7FO3
1096,['M+H'],1,M+H-C12H13O3N
1097,"['M', '-H']",-1,M-H-H2O2N2
1098,['M+H'],1,M+H-C2H4O4
1099,['M+H'],1,M+H-C7H15N
1100,['M+H'],1,M+H-C12H15SON
1101,['M+H'],1,M+H-C19H36O3
1102,['M+H'],1,M+H-C16H32
1103,['M+H'],1,M+H-C5H8O
1104,['M+H'],1,M+H-C8H13O2N
1105,['M+H'],1,M+H-C12H17SO2N
1106,['M+H'],1,M+H-C18H28O
1107,['M+H'],1,M+H-C18H31ON
1108,['M-H'],-1,M-H-C18H28O
1109,['M+H'],1,M+H-C27H29O10N
1110,['M+H'],1,M+H-C27H31O11N
1111,['M+H'],1,M+H-C31H36O10
1112,"['M', '-H']",-1,M-H-CH3N3
1113,['M+H'],1,M+H-C11H10O
1114,['M+H'],1,M+H-C9H8SON2
1115,['M+H'],1,M+H-C9H11SON3
1116,['M+H'],1,M+H-C13H24O
1117,['M+H'],1,M+H-C2H2ON2
1118,"['M', '-H']",-1,M-H-C10H7O2N
1119,['M+H'],1,M+H-C23H44O3
1120,['M+H'],1,M+H-C5H9O2N
1121,['M+H'],1,M+H-C8H15O4N
1122,['M+H'],1,M+H-CH3BrO2
1123,['M+H'],1,M+H-C15H12O8
1124,"['M', '-H']",-1,M-H-C15H12O6
1125,['M+H'],1,M+H-C16H26O2
1126,['M+H'],1,M+H-C14H15SO3N
1127,['M+H'],1,M+H-C3H9N3
1128,['M+H'],1,M+H-CH5ON3
1129,['M+H'],1,M+H-C2H6N2
1130,['M+H'],1,M+H-C4H8N2
1131,['M+H'],1,M+H-C2H4O2N2
1132,['M+H'],1,M+H-C2H6SN2
1133,"['M', '-H']",-1,M-H-C4H8N2
1134,"['M', '-H']",-1,M-H-C8H18O2
1135,['M+H'],1,M+H-C3H4O2N2
1136,"['M', '-H']",-1,M-H-3H2O
1137,"['M', '-H']",-1,M-H-C2H6O2
1138,['M+H'],1,M+H-C21H41O3N
1139,['M+H'],1,M+H-C6H14O3
1140,['M+H'],1,M+H-C8H18O3
1141,"['M', '-H']",-1,M-H-C6H6O5
1142,['M+H'],1,M+H-C15H26S
1143,['M+H'],1,M+H-C5H9SO3N
1144,['M+H'],1,M+H-C12H12O4
1145,['M+H'],1,M+H-C7H7F3O2
1146,['M+H'],1,M+H-C7H9F3O3
1147,['M+H'],1,M+H-C7H11F3O4
1148,['M+H'],1,M+H-C12H14O4
1149,['M+H'],1,M+H-C3H7O3N
1150,['M+H'],1,M+H-C9H8ClSN
1151,['M+H'],1,M+H-C11H13ClSN2
1152,['M+H'],1,M+H-CH5O3N
1153,['M+H'],1,M+H-C6H10O2
1154,['M+H'],1,M+H-C6H13ON
1155,['M+H'],1,M+H-C2H7N3
1156,"['M', '-H']",-1,M-H-C2H4N2
1157,['M+H'],1,M+H-C15H19N
1158,['M+H'],1,M+H-C6H10N2O2
1159,['M+H'],1,M+H-C6H12
1160,['M+H'],1,M+H-C7H11NO4
1161,['M+H'],1,M+H-C10H14O
1162,['M+H'],1,M+H-C13H14O
1163,['M+H'],1,M+H-C11H11Cl3N2O
1164,"['M', '-H']",-1,M-H-C9H7FO2
1165,['M+H'],1,M+H-H5NO2
1166,['M+H'],1,M+H-CH8N2O
1167,"['M', '-H']",-1,M-H-C4H4S2
1168,"['M', '-H']",-1,M-H-C10H6OS
1170,['M+H'],1,M+H-CH5BrN
1171,['M+H'],1,M+H-C2H8BrN
1172,['M+H'],1,M+H-C7H6N2
1173,['M+H'],1,M+H-C8H7N3O
1174,['M+H'],1,M+H-C11H10N2O
1175,['M+H'],1,M+H-C12H8ClNO
1176,['M+H'],1,M+H-C3H5N3O
1177,['M+H'],1,M+H-C10H14N2O4
1178,['M+H'],1,M+H-C6H13N2O2S
1179,['M+H'],1,M+H-C8H18N2OS
1180,['M+H'],1,M+H-C15H22N4O3S
1181,['M+H'],1,M+H-H3O3P
1182,['M+H'],1,M+H-C5H6N2O
1183,['M+H'],1,M+H-C6H8N2O
1184,['M+H'],1,M+H-C6H13NO3
1185,['M+H'],1,M+H-C6H15NO4
1186,['M-H'],-1,M-H-C6H13NO3
1187,"['M', '-H']",-1,M-H-C6H15NO4
1188,"['M', '-H']",-1,M-H-C7H15NO4
1189,['M+H'],1,M+H-C11H7NO2
1190,"['M', '-H']",-1,M-H-C12H10FNO3
1191,['M-H'],-1,M-H-C13H13FNO3
1192,['M+H'],1,M+H-C8H5F3N2
1193,['M+H'],1,M+H-C11H10F3N3
1194,['M+H'],1,M+H-C15H19NO2
1195,['M+H'],1,M+H-C12H13NO2
1196,['M+H'],1,M+H-C3H10N2OS
1197,['M+H'],1,M+H-C7H7NO2
1198,['M+H'],1,M+H-C9H21NO
1199,['M+H'],1,M+H-C18H26O4
1200,['M+H'],1,M+H-C13H18F3N3
1201,['M+H'],1,M+H-C13H22O6
1202,"['M', '-H']",-1,M-H-CH4F2O3
1203,"['M', '-H']",-1,M-H-CH6F2O4
1204,"['M', '-H']",-1,M-H-C9H16F2O4
1205,['M+H'],1,M+H-C9H14N2O2
1206,['M+H'],1,M+H-C9H16N2O3
1207,['M+H'],1,M+H-C6H15N3
1208,['M+H'],1,M+H-C10H8O
1209,['M+H'],1,M+H-C4H9NO2
1210,['M-H'],-1,M-H-NO4S
1211,['M+H'],1,M+H-C5H7O5PS
1212,"['M', '-H']",-1,M-H-C5H7O5PS
1213,['M+H'],1,M+H-C6H13O
1214,"['M', '-H']",-1,M-H-C7H14O
1215,['M+H'],1,M+H-C6H5NO2S
1216,"['M', '-H']",-1,M-H-C7H6F3N
1217,['M-H'],-1,M-H-C14H19N3O2
1218,"['M', '-H']",-1,M-H-C7H7NO
1219,"['M', '-H']",-1,M-H-C8H5NOS
1220,"['M', '-H']",-1,M-H-C2H2
1221,"['M', '-H']",-1,M-H-C11H20O4
1222,['M+H'],1,M+H-C8H17NO5
1223,['M-H'],-1,M-H-C3H15O6
1224,['M+H'],1,M+H-CH2N2O2
1225,['M+H'],1,M+H-C19H16O3
1226,"['M', '-H']",-1,M-H-C10H8O
1227,['M+H'],1,M+H-C5H7NO3
1228,['M+H'],1,M+H-C5H9NO4
1229,"['M', '-H']",-1,M-H-C10H9NO
1230,['M+H'],1,M+H-C2H2O2
1231,['M+H'],1,M+H-C7H8O3S
1232,"['M', '-H']",-1,M-H-C9H7NO4
1233,['M+H'],1,M+H-C7H12
1234,['M+H'],1,M+H-C5H9FO2
1235,"['M', '-H']",-1,M-H-C11H8O
1236,['M+H'],1,M+H-C9H13O7P
1237,"['M', '-H']",-1,M-H-C9H13O7P
1238,"['M', '-H']",-1,M-H-C13H19N5O3
1239,['M+H'],1,M+H-C9H7NO2
1240,['M+H'],1,M+H-C5H9NO
1241,['M+H'],1,M+H-C4H7NO2
1242,['M+H'],1,M+H-C4H11NOS
1243,['M+H'],1,M+H-C5H9NO3
1244,['M+H'],1,M+H-C10H14ClNO2
1245,['M+H'],1,M+H-C11H17NO2S
1246,['M+H'],1,M+H-C14H11N5
1247,['M+H'],1,M+H-C6H6N
1248,['M+H'],1,M+H-N2O4
1249,"['M', '-H']",-1,M-H-CNO3
1250,"['M', '-H']",-1,M-H-CN2O3
1251,"['M', '-H']",-1,M-H-CN2O4
1252,['M+H'],1,M+H-C4H6O2
1253,['M+H'],1,M+H-C6H9NO2
1254,['M+H'],1,M+H-C2H10N2O2S
1255,['M+H'],1,M+H-NO2
1256,['M+H'],1,M+H-C7H16N2
1257,['M+H'],1,M+H-C11H9F2NO2
1258,['M+H'],1,M+H-C4H6N2O2
1259,['M+H'],1,M+H-C11H9NO
1260,['M+H'],1,M+H-C11H11NO2
1261,['M-H'],-1,M-H-C16H25NO3
1262,['M+H'],1,M+H-C15H12FN
1263,['M+H'],1,M+H-C10H9NO
1264,['M+H'],1,M+H-C2H3ClNO
1265,['M+H'],1,M+H-C9H13NO3
1266,['M-H'],-1,M-H-C15H19NO3
1267,['M+H'],1,M+H-C5H6N4O2
1268,['M+H'],1,M+H-C7H8N4O2
1269,['M+H'],1,M+H-C11H12F2N2O2
1270,['M+H'],1,M+H-C12H12F2N2O3
1271,['M+H'],1,M+H-C10H15NO
1272,['M+H'],1,M+H-CH4N2
1273,"['M', '-H']",-1,M-H-CH3N
1274,"['M', '-H']",-1,M-H-CH2O2S
1275,['M+H'],1,M+H-C9H11NO
1276,['M+H'],1,M+H-C15H24N2O
1277,['M+H'],1,M+H-C9H10N2S
1278,['M+H'],1,M+H-H3BrN
1279,['M+H'],1,M+H-CH6BrN
1280,['M+H'],1,M+H-C7H6Br2N2O2
1281,['M+H'],1,M+H-C10H13O2S
1282,['M+H'],1,M+H-C8H16N4O4
1283,['M+H'],1,M+H-C10H8N2O2
1284,['M+H'],1,M+H-C7H8O4
1285,['M+H'],1,M+H-C12H17NO2
1286,['M+H'],1,M+H-C16H24N2O3
1287,['M+H'],1,M+H-CH4N2S
1288,['M+H'],1,M+H-C3H10N2O2
1289,['M+H'],1,M+H-C2HNOS
1290,['M+H'],1,M+H-C15H12FN3O
1291,['M+H'],1,M+H-C11H15NO2
1292,['M+H'],1,M+H-C6H7NO
1293,"['M', '-H']",-1,M-H-C4H5N3O2
1294,"['M', '-H']",-1,M-H-C6H11NOS2
1295,"['M', '-H']",-1,M-H-C14H10O
1296,"['M', '-H']",-1,M-H-C5H8N4
1297,"['M', '-H']",-1,M-H-C9H16N4
1298,['M+H'],1,M+H-C3H6O2S
1299,"['M', '-H']",-1,M-H-C3H4O
1300,"['M', '-H']",-1,M-H-C6H6O4
1301,"['M', '-H']",-1,M-H-H4F2O
1303,"['M', '-H']",-1,M-H-C28H30O5
1304,['M+H'],1,M+H-C11H25N
1305,['M+H'],1,M+H-C8H11NO
1307,['M+H'],1,M+H-C6H13NO2
1308,['M+H'],1,M+H-C9H11NO3S
1309,['M+H'],1,M+H-C9H11NO4S
1310,['M+H'],1,M+H-C2H5NO
1311,['M+H'],1,M+H-C5H15NO
1312,['M+H'],1,M+H-C14H18FN
1313,"['M', '-H']",-1,M-H-C20H28O3
1316,"['M', '-H']",-1,M-H-C7H5NO
1317,['M+H'],1,M+H-C2F3O
1318,"['M', '-H']",-1,M-H-C11H6F9NO
1319,['M+H'],1,M+H-C10H8F6O
1320,['M+H'],1,M+H-C6H11NO2
1321,['M+H'],1,M+H-C10H18O6
1322,"['M', '-H']",-1,M-H-C13H12O
1323,['M+H'],1,M+H-C20H26N4O6
1324,['M+H'],1,M+H-C10H16
1325,['M+H'],1,M+H-C13H15N3O3
1326,['M+H'],1,M+H-C3H5NO2S2
1327,['M+H'],1,M+H-C12H12
1328,['M+H'],1,M+H-C4H5NO
1329,['M+H'],1,M+H-C7H10N2O2
1331,['M+H'],1,M+H-C15H18ClN
1332,['M+H'],1,M+H-CH4O4
1333,['M+H'],1,M+H-C19H21N
1334,['M+H'],1,M+H-C5H5N5O
1335,['M+H'],1,M+H-C10H15N3
1336,['M+H'],1,M+H-C6H16N2
1337,['M+H'],1,M+H-C17H23N
1338,['M+H'],1,M+H-C7H9N3
1339,['M+H'],1,M+H-C5H3ClN4O
1340,['M+H'],1,M+H-C4H4N4O3S
1341,['M+H'],1,M+H-C4H8N2O2
1342,"['M', '-H']",-1,M-H-HCN
1343,['M+H'],1,M+H-C17H14O6
1344,['M-H'],-1,M-H-C14H18O4
1345,"['M', '-H']",-1,M-H-C3H7N
1346,['M+H'],1,M+H-C7H5NS2
1347,['M+H'],1,M+H-C12H10N2O3
1348,M-H,-1,M-H-C12H10N2O3
1349,['M+H'],1,M+H-C7H6ClNO2
1350,['M+H'],1,M+H-C9H6N2O4
1351,['M+H'],1,M+H-C8H7ClN2O3
1352,"['M', '-H']",-1,M-H-HNO2
1353,"['M', '-H']",-1,M-H-C8H7NO
1354,['M+H'],1,M+H-CH7NO2
1355,['M+H'],1,M+H-H8N2O5
1356,['M+H'],1,M+H-C10H17N3O6S
1357,['M+H'],1,M+H-C9H10N2O2
1358,['M+H'],1,M+H-C14H21N3O2S
1359,['M+H'],1,M+H-C23H27N3O3S
1360,['M+H'],1,M+H-C5H4Cl2N2
1361,['M+H'],1,M+H-C3H7O2S
1362,['M+H'],1,M+H-C14H26N2O
1363,['M+H'],1,M+H-C7H6N2OS
1364,['M+H'],1,M+H-C17H24O3
1365,['M+H'],1,M+H-C14H22ClN3O3
1366,['M+H'],1,M+H-C8H3F4NO
1367,['M+H'],1,M+H-C11H10N2O2S
1368,['M+H'],1,M+H-C5H9F
1369,['M+H'],1,M+H-C9H8
1370,['M+H'],1,M+H-C6H14N2
1371,['M+H'],1,M+H-C14H9FN2O
1372,['M+H'],1,M+H-C10H15NO5S
1373,['M+H'],1,M+H-C4H3N5
1374,['M+H'],1,M+H-C4H5NO4
1375,['M+H'],1,M+H-C8H9NO
1376,['M+H'],1,M+H-C9H13NO2
1377,['M+H'],1,M+H-C12H17NO3
1378,['M+H'],1,M+H-C7H11NO3
1379,['M+H'],1,M+H-C7H14N2O3
1380,['M+H'],1,M+H-C8H12N2O
1381,['M+H'],1,M+H-C4H9F
1382,['M+H'],1,M+H-H4FN
1383,['M+H'],1,M+H-C10H19NO
1384,['M+H'],1,M+H-C8H14O3
1385,['M+H'],1,M+H-C7H13NO
1386,['M+H'],1,M+H-C4H9NO3
1387,"['M', '-H']",-1,M-H-C3H2N2
1388,['M+H'],1,M+H-C7H6ClNO
1389,"['M', '-H']",-1,M-H-C6H6O
1390,['M+H'],1,M+H-C15H18
1391,['M+H'],1,M+H-C7H4FN
1392,"['M', '-H']",-1,M-H-CHFO2
1393,['M+H'],1,M+H-C9H11NO2
1394,"['M', '-H']",-1,M-H-C7H3FO2
1395,['M+H'],1,M+H-C11H13N3O2S
1396,['M+H'],1,M+H-C8H8O2S
1397,['M+H'],1,M+H-C8H9NO2S
1398,['M+H'],1,M+H-C9H10N2O3S
1399,['M+H'],1,M+H-C5H5N
1400,['M+H'],1,M+H-H2N2S
1401,['M+H'],1,M+H-C7H5F2NO
1402,"['M', '-H']",-1,M-H-C7H3F2NO
1403,['M+H'],1,M+H-C8H9O2S
1404,"['M', '-H']",-1,M-H-C3H8N
1405,"['M', '-H']",-1,M-H-C6H8O3
1406,"['M', '-H']",-1,M-H-C14H10O2
1408,['M+H'],1,M+H-C6H4ClFO
1409,['M+H'],1,M+H-C8H7Cl
1410,"['M', '-H']",-1,M-H-C8H9ClO
1411,"['M', '-H']",-1,M-H-C11H13ClO3
1412,"['M', '-H']",-1,M-H-C10H9NO4
1413,['M+H'],1,M+H-C3H4F3NO
1414,['M+H'],1,M+H-C8H13NO
1415,['M+H'],1,M+H-C7H16N2O3
1416,['M+H'],1,M+H-C13H20O9
1417,['M+H'],1,M+H-C18H21NO
1418,['M+H'],1,M+H-C8H10O4
1419,['M+H'],1,M+H-C7H11NO
1420,"['M', '-H']",-1,M-H-C12H14O2S
1422,"['M', '-H']",-1,M-H-C19H28O3
1423,['M+H'],1,M+H-C12H19NO
1424,['M+H'],1,M+H-C8H10N2O5
1425,"['M', '-H']",-1,M-H-C4H3NO2
1426,['M+H'],1,M+H-C10H12F2N2O2S
1427,['M+H'],1,M+H-C7H6NO4S
1428,['M+H'],1,M+H-C8H9N3O4S
1429,M-H,-1,M-H-C13H19N3O
1430,['M+H'],1,M+H-C6H2Cl2N2O
1431,['M+H'],1,M+H-C6H5Cl2N3O
1432,['M+H'],1,M+H-C7H5ClF3N
1433,['M+H'],1,M+H-C7H7ClF3NO
1434,M-H,-1,M-H-C7H12O2
1435,['M+H'],1,M+H-C4H3Cl2N
1436,"['M', '-H']",-1,M-H-C4H3Cl2N
1437,"['M', '-H']",-1,M-H-C5HCl2NO
1438,"['M', '-H']",-1,M-H-C9H16O2
1439,['M+H'],1,M+H-C28H32NO6P
1440,"['M', '-H']",-1,M-H-H3NO
1441,['M+H'],1,M+H-C2H2OS
1442,"['M', '-H']",-1,M-H-C5H10N2O
1443,['M+H'],1,M+H-C4H7NO
1444,['M+H'],1,M+H-C10H3F3N2OS
1445,['M+H'],1,M+H-C6H12N2O2S
1446,['M+H'],1,M+H-C3H7F3O
1447,M-H,-1,M-H-C8H10O3
1448,M-H,-1,M-H-C9H10O3
1449,['M+H'],1,M+H-C8H5NO
1450,['M+H'],1,M+H-C15H12N2O2
1451,['M-H'],-1,M-H-C10H10O3
1452,['M-H'],-1,M-H-C16H21N3O2
1453,['M+H'],1,M+H-C13H18O5
1454,"['M', '-H']",-1,M-H-C21H38O4
1455,"['M', '-H']",-1,M-H-C5H10O3
1456,['M+H'],1,M+H-C6H3N2O6S
1457,['M+H'],1,M+H-C3H8N2O
1458,['M+H'],1,M+H-C4H10O5
1459,['M+H'],1,M+H-C16H19NO
1460,['M+H'],1,M+H-C7H4BrNO
1461,['M+H'],1,M+H-CH4O2S
1462,['M+H'],1,M+H-C6H9FO2
1463,['M+H'],1,M+H-C6H8N2
1464,['M+H'],1,M+H-C13H21NO4
1465,['M+H'],1,M+H-C11H19N
1466,['M+H'],1,M+H-C6H15NO
1467,['M+H'],1,M+H-C6H17NO2
1468,['M+H'],1,M+H-C6H5O2S
1469,['M+H'],1,M+H-C8H9F3N2O2S
1470,['M+H'],1,M+H-CHN3
1471,['M+H'],1,M+H-C8H3ClF3NO
1472,['M+H'],1,M+H-C10H18O2
1473,['M+H'],1,M+H-C4H4N3S
1474,['M+H'],1,M+H-C6H6OS
1475,['M+H'],1,M+H-C12H21NOS
1476,['M+H'],1,M+H-C8H9ClFNO
1477,['M+H'],1,M+H-C8H6O
1478,['M+H'],1,M+H-C10H22O3
1479,['M+H'],1,M+H-C10H12O5
1480,['M+H'],1,M+H-H2O4S
1481,['M+H'],1,M+H-C10H10O2
1482,"['M', '-H']",-1,M-H-C9H8O3
1483,['M+H'],1,M+H-C10H11NO
1484,['M+H'],1,M+H-C6H16O7
1485,['M+H'],1,M+H-C6H18O8
1486,['M+H'],1,M+H-C7H18O8
1487,['M+H'],1,M+H-C2H9NO
1488,"['M', '-H']",-1,M-H-C9H10O4
1489,"['M', '-H']",-1,M-H-C13H16O7
1490,"['M', '-H']",-1,M-H-C18H12O6
1491,['M+H'],1,M+H-C8H10O3
1492,['M+H'],1,M+H-C8H12O4
1493,"['M', '-H']",-1,M-H-C7H7
1494,"['M', '-H']",-1,M-H-C8H10
1495,['M+H'],1,M+H-C9H8O3
1496,['M+H'],1,M+H-C3H7
1497,M-6H+8Na,2,M-6H+8Na
1498,M-5H+7Na,2,M-5H+7Na
1499,M-6H+4Na,-2,M-6H+4Na
1500,M-4H+2Na,-2,M-4H+2Na
1501,M-3H+Na,-2,M-3H+Na
1502,M-6H+3Na,-3,M-6H+3Na
1503,M-5H+2Na,-3,M-5H+2Na
1504,M-4H+Na,-3,M-4H+Na
1505,M-3H,-3,M-3H
1506,M-5H+Na,-4,M-5H+Na
1507,M-4H,-4,M-4H
1508,"['M', '-H']",-1,M-H-C5H9O4
1509,"['M', '-H']",-1,M-H-C8H18O
1510,M+C2H3O2,-1,M+C2H3O2
1511,"['M', '-H']",-1,M-H-C7H6O5
1512,"['M', '-H']",-1,M-H-H10O10
1513,"['M', '-H']",-1,M-H-C12H20O8
1514,M+Br,-1,M+Br
1515,"['M', '-H']",-1,M-H-C6H11O5
1516,['M+H'],1,M+H-C12H16O
1517,"['M', '-H']",-1,M-H-C7H8O4
1518,"['M', '-H']",-1,M-H-C3H5
1519,"['M', '-H']",-1,M-H-C9H10O2
1520,"['M', '-H']",-1,M-H-C10H10O4
1521,['M+H'],1,M+H-C15H10O6
1522,['M+H'],1,M+H-C15H16O7
1523,"['M', '-H']",-1,M-H-C15H16O7
1524,['M+H'],1,M+H-C20H32O10
1525,['M+H'],1,M+H-C20H34O11
1526,['M+H'],1,M+H-C20H36O12
1527,['M+H'],1,M+H-C20H38O13
1528,['M+H'],1,M+H-C8H12
1529,"['M', '-H']",-1,M-H-O3S
1530,"['M', '-H']",-1,M-H-C3H6O2
1531,['M+H'],1,M+H-C7H7NS
1532,['M+H'],1,M+H-C8H19NO2
1533,['M+H'],1,M+H-C10H16O
1534,M-H,-1,M-H-C8H16O
1535,M-H,-1,M-H-C11H14O3
1536,M-H,-1,M-H-C10H20O
1537,['M+H'],1,M+H-C9H16O7
1538,['M+H'],1,M+H-C10H14O7
1539,['M+H'],1,M+H-C10H16O8
1540,"['M', '-H']",-1,M-H-C18H20O10
1541,['M+H'],1,M+H-C11H14O6
1542,['M+H'],1,M+H-C11H16O7
1543,['M+H'],1,M+H-C13H18O8
1544,['M+H'],1,M+H-C13H22O10
1545,['M+H'],1,M+H-C14H20O10
1546,['M+H'],1,M+H-C14H22O11
1547,['M+H'],1,M+H-CH4OS
1548,['M+H'],1,M+H-C3H8NO6P
1549,"['M', '-H']",-1,M-H-C18H32O
1550,"['M', '-H']",-1,M-H-C18H34O2
1551,['M+H'],1,M+H-C4H9O2PS
1552,['M+H'],1,M+H-H2O2
1553,['M+H'],1,M+H-C5H12O2
1554,['M+H'],1,M+H-C9H16N2O
1555,['M+H'],1,M+H-C9H14O2
1556,['M+H'],1,M+H-C10H16O2
1557,['M+H'],1,M+H-C7H7ClO
1558,['M+H'],1,M+H-C3H6S
1559,['M+H'],1,M+H-C10H14N2O6S2
1560,['M+H'],1,M+H-C3H8S
1561,['M+H'],1,M+H-C5H7NO
1562,['M+H'],1,M+H-C17H10F3N3O
1563,['M+H'],1,M+H-C8H13N3O
1564,['M+H'],1,M+H-C3H7NO2S
1565,['M+H'],1,M+H-C10H12N2O3S
1566,['M+H'],1,M+H-C4H9O3P
1567,['M+H'],1,M+H-C7H4ClNO
1568,['M+H'],1,M+H-C7H5F2NO2
1569,"['M', '-H']",-1,M-H-C6H5F2N
1570,"['M', '-H']",-1,M-H-C7H5F2NO2
1571,['M+H'],1,M+H-C2H6O2S
1572,['M+H'],1,M+H-C10H10ClN3
1573,['M+H'],1,M+H-C9H8ClN3O
1574,['M+H'],1,M+H-C8H9NO4S
1575,['M+H'],1,M+H-C10H13NO4S
1576,['M+H'],1,M+H-C8H10O5
1577,['M+H'],1,M+H-C6H12O3
1578,['M+H'],1,M+H-C6H14O4
1579,['M+H'],1,M+H-C9H10FNO
1580,"['M', '-H']",-1,M-H-C5H6O3
1581,"['M', '+H', '-O']",-1,M+H-O
1582,"['M', '-H']",-1,M-H-C9H16
1583,"['M', '-H']",-1,M-H-C9H14
1584,"['M', '-H']",-1,M-H-CHF3
1585,"['M+H', '-H']",1,M+H-H
1586,['M+H'],1,M+H-C9H12O
1587,['M+H'],1,M+H-C12H10O
1588,['M+H'],1,M+H-C8H8O5
1589,['M+H'],1,M+H-C16H28O14
1590,['M+H'],1,M+H-C16H30O15
1591,['M+H'],1,M+H-HO3P
1592,"['M', '-H']",-1,M-H-C4H4O5
1593,"['M', '-H']",-1,M-H-C11H16O8
1594,"['M', '-H']",-1,M-H-C4H4O4
1595,"['M', '-H']",-1,M-H-C7H4O4
1596,['M+H'],1,M+H-C12H22O11
1597,['M+H'],1,M+H-C12H24O12
1598,['M+H'],1,M+H-C12H26O13
1599,['M-H'],-1,M-H-C12H12O3
1600,['M+H'],1,M+H-C3H3O2
1601,"['M', '-H']",-1,M-H-C2H5
1602,"['M', '-H']",-1,M-H-C3H6
1603,"['M', '-H']",-1,M-H-C6H4
1604,['M+H'],1,M+H-C5H10N2O3
1605,"['M', '-H']",-1,M-H-H4OS
1606,"['M', '-H']",-1,M-H-C2H9NO3S
1607,['M+H'],1,M+H-C8H20O4
1608,['M+H'],1,M+H-C8H22O5
1609,['M+H'],1,M+H-C6H4
1610,['M+H'],1,M+H-C7H17NO4
1611,['M-H'],-1,M-H-C7H13NO2
1612,['M+H'],1,M+H-C8H10BrN
1613,['M+H'],1,M+H-C5H10N2S
1614,['M+H'],1,M+H-C7H12N2S
1615,['M+H'],1,M+H-C8H7N
1616,['M+H'],1,M+H-C11H11F6NO5
1617,['M+H'],1,M+H-C9H7F3
1618,['M+H'],1,M+H-H4Cl2O
1619,"['M', '-H']",-1,M-H-H2Cl2
1620,['M+H'],1,M+H-C12H17NO
1621,['M+H'],1,M+H-C9H7NO3
1622,['M+H'],1,M+H-H6N2O2
1623,['M+H'],1,M+H-C13H18O2
1624,['M+H'],1,M+H-C7H5O
1625,"['M', '-H']",-1,M-H-C2H3NO2
1626,"['M', '-H']",-1,M-H-CH2S
1627,['M+H'],1,M+H-C3H3NO3
1628,['M+H'],1,M+H-C9H21N3
1629,['M+H'],1,M+H-C2H3Cl2NO
1630,['M+H'],1,M+H-C6H4BrN3S
1631,['M+H'],1,M+H-C8H8N2
1632,['M+H'],1,M+H-C10H7ClO
1633,['M+H'],1,M+H-C5H3NO2
1634,['M+H'],1,M+H-C11H16N2O
1635,['M+H'],1,M+H-C6H11N3
1636,['M+H'],1,M+H-C10H15F3N2O2
1637,['M+H'],1,M+H-C2H3N
1638,['M+H'],1,M+H-C10H20N2
1639,['M+H'],1,M+H-C14H12
1640,['M+H'],1,M+H-C7H14N2O
1641,['M+H'],1,M+H-C9H8N2O
1642,['M+H'],1,M+H-C12H22O
1643,['M+H'],1,M+H-C6H4Cl2O
1644,['M+H'],1,M+H-C10H16N2O7S
1645,['M+H'],1,M+H-C8H12OS2
1646,['M+H'],1,M+H-C16H24FNO
1647,['M+H'],1,M+H-C8H7O2
1648,['M+H'],1,M+H-C8H8N4
1649,['M+H'],1,M+H-H3FN2O
1650,['M+H'],1,M+H-C16H22N2O2
1651,['M+H'],1,M+H-CH7FO2
1652,['M+H'],1,M+H-CH9FO3
1653,['M+H'],1,M+H-CH11FO4
1654,['M+H'],1,M+H-C11H14O6S
1655,['M+H'],1,M+H-C19H24O9S
1656,"['M', '-H']",-1,M-H-C11H14O6S
1657,['M+H'],1,M+H-C23H15O5P
1658,"['M', '-H']",-1,M-H-C11H9NO2
1659,['M+H'],1,M+H-C3H6N2S
1660,"['M', '-H']",-1,M-H-C8H16NO
1661,"['M', '-H']",-1,M-H-CH3NO
1662,['M+H'],1,M+H-C10H12
1663,['M+H'],1,M+H-H2NO2S
1664,['M+H'],1,M+H-C6H8N2O2S
1665,['M+H'],1,M+H-C9H9Cl2N
1666,['M+H'],1,M+H-C21H38O5
1667,['M+H'],1,M+H-C4H7F
1668,['M+H'],1,M+H-C7H5NS
1669,['M+H'],1,M+H-C11H17NO3
1670,['M+H'],1,M+H-C10H10O
1671,['M+H'],1,M+H-C27H47N2O7PS
1672,['M+H'],1,M+H-C16H23N
1673,['M+H'],1,M+H-C6H9N
1674,['M+H'],1,M+H-C15H19BrN2O
1675,['M+H'],1,M+H-C7H13NO3
1676,['M+H'],1,M+H-C7H5F4N
1677,['M+H'],1,M+H-C10H11F4N
1678,['M+H'],1,M+H-C11H17NO
1679,"['M', '-H']",-1,M-H-C2H5NO2
1680,['M+H'],1,M+H-C19H32
1681,['M+H'],1,M+H-C6H12N2O3
1682,['M+H'],1,M+H-C11H20N2O7
1683,['M+H'],1,M+H-C12H24N4O6
1684,['M+H'],1,M+H-C12H26N4O6
1685,['M+H'],1,M+H-H2O-NH3
1686,"['M', '-H']",-1,M-H-C3H3NO2
1687,['M+H'],1,M+H-C2H7N5
1688,['M+H'],1,M+H-C6H11NO4
1689,['M+H'],1,M+H-C9H8O4
1690,['M+H'],1,M+H-C14H18O2
1691,['M+H'],1,M+H-C9H10O5
1692,['M+H'],1,M+H-C10H12O7
1693,"['M', '-H']",-1,M-H-C10H10O7
1694,['M+H'],1,M+H-C8H14
1695,['M+H'],1,M+H-C26H48O18
1696,['M+H'],1,M+H-C8H14O4
1697,"['M', '-H']",-1,M-H-C10H16O6
1698,"['M', '-H']",-1,M-H-C10H16O8
1699,"['M', '-H']",-1,M-H-C17H24O9
1700,"['M', '-H']",-1,M-H-C5H9
1701,['M+H'],1,M+H-C7H8N2O
1702,['M+H'],1,M+H-C8H7Cl2NO2
1703,"['M', '-H']",-1,M-H-C5H8
1704,"['M', '-H']",-1,M-H-C10H14
1705,['M+H'],1,M+H-C11H23NO2
1706,['M+H'],1,M+H-C11H23NO4S
1707,['M+H'],1,M+H-C10H21NO
1710,['M+H'],1,M+H-C7H11NO2
1711,['M+H'],1,M+H-C7H8FNO2S
1712,['M+H'],1,M+H-C9H9O3S
1713,['M+H'],1,M+H-C10H14
1714,"['M', '-H']",-1,M-H-C6H12
1715,['M+H'],1,M+H-O3S
1716,['M+H'],1,M+H-C11H15NO
1717,['M+H'],1,M+H-C13H26N2O3
1718,['M-H'],-1,M-H-C11H15NO
1719,['M+H'],1,M+H-C7H7NO3
1720,['M+H'],1,M+H-C18H36
1721,['M+H'],1,M+H-C6H6N2O2S
1722,"['M', '-H']",-1,M-H-C7H5BrN2O
1723,['M+H'],1,M+H-C14H17NO2
1724,"['M', '-H']",-1,M-H-C5H10
1725,"['M', '-H']",-1,M-H-C4H9
1726,['M+H'],1,M+H-C7H13NO2
1727,['M-H'],-1,M-H-C7H11NO
1728,['M+H'],1,M+H-C4H8NO4P
1729,['M+H'],1,M+H-C13H19NO
1730,['M+H'],1,M+H-CHO4P
1731,['M-H'],-1,M-H-C12H15N3O2
1732,['M+H'],1,M+H-C3H7NO3
1733,"['M', '-H']",-1,M-H-C6H8O4
1734,['M+H'],1,M+H-C8H8N2O
1735,['M+H'],1,M+H-C10H10N2O2
1736,['M+H'],1,M+H-H2O2S
1737,['M+H'],1,M+H-C4H6N2O
1738,['M+H'],1,M+H-C2H4O3S
1739,['M+H'],1,M+H-C5H6N2O2
1740,['M+H'],1,M+H-CH3NO2
1741,['M+H'],1,M+H-C2H3NO3
1742,['M+H'],1,M+H-HNO2
1743,"['M', '-H']",-1,M-H-CH4N2O
1744,"['M', '-H']",-1,M-H-C4H7N3O
1745,['M+H'],1,M+H-C8H9NOS
1746,"['M', '-H']",-1,M-H-C8H9NO
1747,"['M', '-H']",-1,M-H-C4H10N
1748,"['M', '-H']",-1,M-H-C5H10O2
1749,['M+H'],1,M+H-C16H24N2O2
1750,['M+H'],1,M+H-H4OS
1751,['M+H'],1,M+H-H6O2S
1752,['M+H'],1,M+H-C10H15NO3
1753,['M+H'],1,M+H-C13H15NO3
1754,['M-H'],-1,M-H-C13H15NO3
1755,['M+H'],1,M+H-C12H13FN2O
1756,['M+H'],1,M+H-C5H10N2O2S
1757,['M+H'],1,M+H-C4H12N2
1758,['M+H'],1,M+H-C4H9N2O2S
1759,['M+H'],1,M+H-C6H14N2OS
1760,['M+H'],1,M+H-C7H8ClN
1761,['M+H'],1,M+H-C8H8ClNO
1762,['M+H'],1,M+H-C8H6N2OS
1763,['M+H'],1,M+H-O2S
1764,['M+H'],1,M+H-C8H8N2O4S
1765,['M+H'],1,M+H-C7H6ClNOS
1766,['M+H'],1,M+H-C7H6N2O
1767,['M+H'],1,M+H-C5H11N3O2S
1768,['M+H'],1,M+H-C6H14N2O2S
1769,['M+H'],1,M+H-C11H13NO4
1770,['M+H'],1,M+H-C16H21NO4
1771,"['M', '-H']",-1,M-H-C11H10O4
1772,['M+H'],1,M+H-C5H4O3
1773,['M+H'],1,M+H-C5H5ClO3
1774,['M+H'],1,M+H-C5H8Cl2O4
1775,['M+H'],1,M+H-C10H9ClO6
1776,['M+H'],1,M+H-C6H12O4
1777,['M+H'],1,M+H-C6H14O5
1778,['M+H'],1,M+H-C6H16O6
1779,['M+H'],1,M+H-C5H6F2O3
1780,"['M', '-H']",-1,M-H-C2H6O4
1781,['M+H'],1,M+H-C6H12N2O2
1782,['M+H'],1,M+H-C11H7ClN4O2
1783,['M+H'],1,M+H-C11H18N2O3
1784,['M-H'],-1,M-H-C12H18N2O5
1785,['M+H'],1,M+H-C6H10N2O
1786,['M+H'],1,M+H-C4H8O2S
1787,['M+H'],1,M+H-C6H5FS
1788,['M+H'],1,M+H-C11H14FN
1789,"['M', '-H']",-1,M-H-C13H18FN
1790,"['M', '-H']",-1,M-H-H2F2
1791,['M+H'],1,M+H-C3H8O4
1792,['M+H'],1,M+H-CH4NO3
1793,['M+H'],1,M+H-C7H5NO2
1794,['M+H'],1,M+H-C19H29NO3
1795,['M+H'],1,M+H-CH6NO4
1796,['M+H'],1,M+H-C2H5FO
1797,['M+H'],1,M+H-C13H8F3NOS
1798,['M-H'],-1,M-H-C9H19N2O
1799,['M+H'],1,M+H-C8H13NO2
1800,['M+H'],1,M+H-C10H7Cl2N3O
1801,['M+H'],1,M+H-C10H9Cl2N3O2
1802,['M+H'],1,M+H-C10H11Cl2N3O3
1803,"['M', '-H']",-1,M-H-O2S
1804,['M+H'],1,M+H-C9H9NO3S
1805,['M+H'],1,M+H-C10H7NO4S
1806,['M+H'],1,M+H-C2H4N2O2
1807,"['M', '-H']",-1,M-H-C7H11F2NO
1808,"['M', '-H']",-1,M-H-C5H12O3
1809,"['M', '-H']",-1,M-H-C8H17N2
1810,"['M', '-H']",-1,M-H-C6H13NO
1811,"['M', '-H']",-1,M-H-C8H10N2O4S
1812,['M+H'],1,M+H-C10H17NO
1813,['M+H'],1,M+H-C14H13NO
1814,['M+H'],1,M+H-C2H2F3NO
1815,['M+H'],1,M+H-C3H2F3NO2
1816,"['M', '-H']",-1,M-H-C3H6O5
1817,"['M', '-H']",-1,M-H-C3H4O4
1818,"['M', '-H']",-1,M-H-C10H10O2
1819,['M+H'],1,M+H-C9H14N2O3
1820,['M+H'],1,M+H-C8H11ClN2O
1821,['M+H'],1,M+H-C8H11ClN4O
1822,['M+H'],1,M+H-C11H12N2O3
1823,"['M', '-H']",-1,M-H-C2H6O
1824,"['M', '-H']",-1,M-H-CH5NO
1825,['M+H'],1,M+H-C9H14N2O7
1826,['M+H'],1,M+H-CH7NO
1827,['M+H'],1,M+H-C8H11ClN4O4S2
1828,['M+H'],1,M+H-C16H16F6O7
1829,"['M', '-H']",-1,M-H-C4H4N2O2
1830,"['M', '-H']",-1,M-H-HN3
1831,"['M', '-H']",-1,M-H-C5H7N5O2
1832,['M+H'],1,M+H-C3H7ClO2
1833,['M+H'],1,M+H-C3H9ClO3
1834,['M+H'],1,M+H-C12H9NO
1835,['M+H'],1,M+H-C14H14O3
1836,['M+H'],1,M+H-C13H12
1837,['M+H'],1,M+H-C10H9F2NO3
1838,['M+H'],1,M+H-C5H12N2O2
1839,['M+H'],1,M+H-C9H15NO3S
1840,"['M', '-H']",-1,M-H-C9H15NO3S2
1841,['M+H'],1,M+H-C4H13NO
1842,['M+H'],1,M+H-CH3FO2
1843,['M+H'],1,M+H-CH5FO3
1844,['M+H'],1,M+H-C2H5FO4
1845,['M+H'],1,M+H-C8H11NO3
1846,['M-H'],-1,M-H-C8H11NO3
1847,['M-H'],-1,M-H-C2H7FO5
1848,"['M', '-H']",-1,M-H-CO4S
1849,['M+H'],1,M+H-C3H6NO4P
1850,['M+H'],1,M+H-C19H27NO4
1851,['M+H'],1,M+H-C8H16N2O4
1852,['M+H'],1,M+H-C11H12ClN3O2
1853,"['M', '-H']",-1,M-H-C6H10O7
1854,"['M', '-H']",-1,M-H-C10H14O8
1855,['M+H'],1,M+H-C14H12ClN
1856,['M+H'],1,M+H-CH5NO2
1857,"['M', '-H']",-1,M-H-C3H5NO2
1858,['M+H'],1,M+H-C2H7NO2
1859,['M+H'],1,M+H-C13H16O9
1860,['M+H'],1,M+H-C14H12FN3
1861,"['M', '-H']",-1,M-H-C16H12N4O4
1862,['M+H'],1,M+H-C14H9ClFN3O2
1863,['M+H'],1,M+H-OS
1864,['M+H'],1,M+H-C11H11NO3
1865,['M-H'],-1,M-H-C17H19NO3
1866,['M+H'],1,M+H-C7H18O4
1867,['M+H'],1,M+H-C7H20O5
1868,['M+H'],1,M+H-C9H20O5
1869,['M+H'],1,M+H-C4H12O6
1870,['M+H'],1,M+H-CH4S
1871,['M+H'],1,M+H-CH6OS
1872,"['M', '-H']",-1,M-H-C5H7NO3
1873,"['M', '-H']",-1,M-H-C4H10O3S
1874,['M+H'],1,M+H-C6H7FN2O
1875,['M+H'],1,M+H-C20H21NO7
1876,['M+H'],1,M+H-C6H10O6
1877,['M+H'],1,M+H-C15H22O10
1878,['M+H'],1,M+H-C15H24O11
1879,['M+H'],1,M+H-C11H15NO3
1880,['M+H'],1,M+H-C9H12O5
1881,['M+H'],1,M+H-C14H26O7
1882,['M+H'],1,M+H-C14H28O8
1883,"['M', '-H', '-HO']",-2,M-H-HO
1884,"['M', '-H']",-1,M-H-N2O2
1885,"['M', '-H']",-1,M-H-C2H4O4S
1886,['M+H'],1,M+H-C11H16O2
1887,"['M', '-H']",-1,M-H-CHFO
1888,"['M', '-H']",-1,M-H-C2H5NO
1889,"['M', '-H']",-1,M-H-C2H3FO
1890,['M+H'],1,M+H-C33H38O11
1891,['M+H'],1,M+H-C33H40O12
1892,['M+H'],1,M+H-C16H15NO4
1893,['M+H'],1,M+H-C25H27NO9
1894,['M+H'],1,M+H-C29H34O9
1895,['M+H'],1,M+H-C25H33NO10
1896,['M+H'],1,M+H-C25H35NO11
1897,"['M', '-H']",-1,M-H-C15H12O5
1898,"['M', '-H']",-1,M-H-C13H16O6
1899,"['M', '-H']",-1,M-H-C10H18
1900,['M+H'],1,M+H-C8H12O3
1901,['M+2H'],2,M+2H-NH3
1902,['M+2H'],2,M+2H-H2O
1903,['M+H'],1,M+H-C28H31NO10
1904,['M+H'],1,M+H-C28H33NO11
1905,['M+H'],1,M+H-C10H18
1906,['M+H'],1,M+H-C27H29NO10
1907,"['M', '-H']",-1,M-H-C7H8O2
1908,['M+H'],1,M+H-C12H20O10
1909,['M+H'],1,M+H-C8H12O6
1910,['M-H'],-1,M-H-C8H13O6
1911,['M+H'],1,M+H-C6H10O2S
1912,['M+H'],1,M+H-C6H12O3S
1913,['M-H'],-1,M-H-C8H11O8
1914,['M+H'],1,M+H-C4H8O6
1915,['M+H'],1,M+H-NO
1916,['M+H'],1,M+H-HNO
1917,['M+H'],1,M+H-C13H18O10
1918,['M+H'],1,M+H-C22H30O4
1919,"['M', '-H']",-1,M-H-C4H5O2
1920,['M+H'],1,M+H-C8H6N2O2S
1921,['M+H'],1,M+H-C8H8N2O3S
1922,['M+H'],1,M+H-C7H9NOS
1923,['M+H'],1,M+H-C8H6F2N2O
1924,['M+H'],1,M+H-C10H11NO4
1925,['M+H'],1,M+H-C4H13NO2S
1926,['M+H'],1,M+H-C13H16O10
1927,['M+H'],1,M+H-C6H5Cl
1928,['M+H'],1,M+H-C7H10N2O
1929,['M+H'],1,M+H-C14H11NO2
1930,['M+H'],1,M+H-C8H18OS
1931,['M+H'],1,M+H-CH2ClN
1932,['M+H'],1,M+H-C10H6ClNO2
1933,['M+H'],1,M+H-C7H4ClN3
1934,['M+H'],1,M+H-C7H6Cl2O
1935,['M+H'],1,M+H-C8H6Cl2O2
1936,['M+H'],1,M+H-C9H8Cl2
1937,['M+H'],1,M+H-C8H6F3NO
1938,['M+H'],1,M+H-C7H7ClO2S
1939,['M+H'],1,M+H-C7H10ClN3O
1940,['M+H'],1,M+H-C8H8FNO
1941,"['M', '-H']",-1,M-H-C2H7NO3S
1942,['M+H'],1,M+H-C3H2ClNO
1943,['M+H'],1,M+H-C2H4N2OS
1944,['M+H'],1,M+H-C5H8N2O
1945,['M+H'],1,M+H-H2F2
1946,['M+H'],1,M+H-C7H6F3NO2S
1947,['M+H'],1,M+H-C8H4F3NO3S
1948,['M+H'],1,M+H-C8H13N3O2
1949,['M+H'],1,M+H-C5H9NO2
1950,['M+H'],1,M+H-CClN
1951,['M+H'],1,M+H-CHCl2N
1952,['M+H'],1,M+H-C2Cl2N2
1953,['M+H'],1,M+H-C3H5ClS
1954,['M+H'],1,M+H-C10H12ClNO
1955,['M+H'],1,M+H-C2Br2Cl2
1956,['M+H'],1,M+H-C5H11NOS
1957,['M+H'],1,M+H-CHClO2
1958,['M+H'],1,M+H-C6H3BrCl2O
1959,['M+H'],1,M+H-C9H13NO4S
1961,"['M', '-H']",-1,M-H-C6H6N4O2
1962,['M+H'],1,M+H-C6H8BrN3O
1963,['M+H'],1,M+H-CH5NO
1964,['M-H'],-1,M-H-C9H13N
1965,['M+H'],1,M+H-CH4BrO
1966,['M+H'],1,M+H-C3H7ClO
1967,['M+H'],1,M+H-C9H10ClF3O2
1968,['M+H'],1,M+H-CClF3
1969,['M+H'],1,M+H-C4H9NO3S
1970,['M+H'],1,M+H-C6H4FN4O3S
1971,['M+H'],1,M+H-C3H11FO3
1972,['M+H'],1,M+H-C10H11NO5S
1973,['M+H'],1,M+H-C6H4F3NO
1974,['M+H'],1,M+H-C8H8F3NO3
1975,['M+H'],1,M+H-C6H12ClNO
1976,['M+H'],1,M+H-C9H12ClN
1977,['M+H'],1,M+H-C6H7NOS
1978,['M+H'],1,M+H-C10H14S
1979,['M+H'],1,M+H-C9H6Cl4O2
1980,"['M', '-H']",-1,M-H-C10H18O9
1981,"['M', '-H']",-1,M-H-C6H14O7
1982,"['M', '-H']",-1,M-H-CH6O2
1983,"['M', '-H']",-1,M-H-H4O
1984,['M+H'],1,M+H-C10H14O3
1985,['M+H'],1,M+H-C8H9BrO
1986,['M+H'],1,M+H-C7H6ClF3N2
1987,['M+H'],1,M+H-C6H9NO
1988,['M+H'],1,M+H-C11H12
1989,['M+H'],1,M+H-C8H3Cl3
1990,['M+H'],1,M+H-C7H11Cl2NO
1991,['M+H'],1,M+H-C3H9O2
1992,['M+H'],1,M+H-C20H24
1993,['M+H'],1,M+H-C22H29NO
1994,['M+H'],1,M+H-C7H7ClN2O3S
1995,['M+H'],1,M+H-C12H14FNO
1996,['M+H'],1,M+H-C18H17F2N
1997,['M+H'],1,M+H-C4H11O2PS2
1998,['M+H'],1,M+H-C2H4S
1999,['M+H'],1,M+H-C4H9NOS
2000,['M+H'],1,M+H-C3H7O2PS2
2001,['M+H'],1,M+H-C2H4OS
2002,['M+H'],1,M+H-C12H12N4
2003,['M+H'],1,M+H-C6H5F3N2O2S
2004,['M+H'],1,M+H-C2H4N2
2005,['M+H'],1,M+H-C8H4F3NO4S
2006,"['M', '-H']",-1,M-H-C8H4F3NO4S
2007,['M+H'],1,M+H-C3HF3N2OS
2008,['M+H'],1,M+H-C6H7F3N2OS
2009,['M+H'],1,M+H-C14H6ClF4NO2
2010,['M+H'],1,M+H-C10H12O4
2011,['M+H'],1,M+H-C12H14O5
2012,['M+H'],1,M+H-C12H16O6
2013,['M+H'],1,M+H-C12H18O7
2014,['M+H'],1,M+H-CH4ClO
2015,['M+H'],1,M+H-C3H5ClO
2016,['M+H'],1,M+H-C10H8Cl2N4S
2017,['M+H'],1,M+H-C6H9N7O2S
2018,['M+H'],1,M+H-C7H10N4O3
2019,['M+H'],1,M+H-C9H15NO3
2020,['M+H'],1,M+H-C9H18N2O3
2021,['M+H'],1,M+H-C13H15FN2OS
2022,['M+H'],1,M+H-C4H8O5
2023,['M+H'],1,M+H-C4H10O6
2024,['M+H'],1,M+H-C8H15NO6
2025,"['M', '-H']",-1,M-H-C6H9O9P
2026,['M+H'],1,M+H-C7H7N3O3
2027,['M+H'],1,M+H-C10H13N3O4S
2028,"['M', '-H']",-1,M-H-CH3NO2
2029,['M+H'],1,M+H-C3H5O
2030,['M+H'],1,M+H-C7H5Cl
2031,['M+H'],1,M+H-C2H7O2PS2
2032,['M+H'],1,M+H-C9H8F3NO3
2033,['M+H'],1,M+H-C10H8F3NO5
2034,['M+H'],1,M+H-C11H24N2
2035,"['M', '-H']",-1,M-H-C5H13N
2036,['M+H'],1,M+H-C9H8O
2037,['M+H'],1,M+H-C7H12N4O3
2038,"['M', '-H']",-1,M-H-C9H7NO5S
2039,"['M', '-H']",-1,M-H-C7H3ClOS
2040,['M+H'],1,M+H-C12H12ClNO
2041,['M+H'],1,M+H-C15H11NO3
2042,['M+H'],1,M+H-C10H18O
2043,['M+H'],1,M+H-C13H21NO8
2044,['M+H'],1,M+H-C13H24N2O8
2045,['M+H'],1,M+H-C9H10N2O2S
2046,['M+H'],1,M+H-C7H8N4O5S
2047,['M+H'],1,M+H-C12H13ClF3NO2
2048,['M+H'],1,M+H-C13H14ClF3N2O2
2049,['M+H'],1,M+H-C2H3F3O
2050,['M+H'],1,M+H-C2H7ClN
2051,['M+H'],1,M+H-C5H9ClOS
2052,['M+H'],1,M+H-C5H11ClOS
2053,['M+H'],1,M+H-ClNO2
2054,['M+H'],1,M+H-C2H6N4O2
2055,"['M', '-H']",-1,M-H-C2H2O5
2056,['M+H'],1,M+H-C3H5NO2
2057,['M+H'],1,M+H-C25H31NO10
2058,['M+H'],1,M+H-C25H33NO11
2059,['M+H'],1,M+H-C4H8OS2
2060,['M+H'],1,M+H-C2H6OS
2061,['M+H'],1,M+H-CH2O2S
2062,['M+H'],1,M+H-C3H6OS2
2063,['M+H'],1,M+H-C5H10OS2
2064,['M+H'],1,M+H-C5H10OS
2065,['M+H'],1,M+H-C2H4N2O
2066,['M+H'],1,M+H-C7H10N2
2067,['M+H'],1,M+H-C8H13N3
2068,['M+H'],1,M+H-C10H12O3
2069,['M+H'],1,M+H-C5H13NO2S
2070,['M+H'],1,M+H-C3H8
2071,['M+H'],1,M+H-C3H5Cl
2072,['M+H'],1,M+H-C3H4Cl2
2073,['M+H'],1,M+H-C10H12FNO
2074,['M+H'],1,M+H-C10H13NO2
2075,"['M', '-H']",-1,M-H-C12H16O
2076,"['M', '-H']",-1,M-H-C13H18O
2077,"['M', '-H']",-1,M-H-C9H12FN
2078,['M+H'],1,M+H-C6H8N2O3
2079,['M+H'],1,M+H-C9H14O6
2080,['M+H'],1,M+H-C11H20O6
2081,['M+H'],1,M+H-C9H10N2
2083,['M+H'],1,M+H-C6H7NO2S
2084,['M+H'],1,M+H-H2O-C3H6
2085,['M+H'],1,M+H-H2SO3
2086,M+H,1,M+H-HCl+H2O
2087,['M+H'],1,M+H-C6H16N2O2S
2088,['M+H'],1,M+H-C6H16N2O2S+N2
2089,['M+H'],1,M+H-C5H9NO4+H2O
2090,['M+H'],1,M+H-H3PO3
2091,['M+H'],1,M+H-NH3-SO2
2092,M+H,1,M+H-NH3+N2
2093,['M+H'],1,M+H-NH2OH
2094,['M+H'],1,M+H-NH2OH-CO
2095,M+H,1,M+H-H2O+N2
2096,['M+H'],1,M+H-NH3-C5H13NO
2097,['M+H'],1,M+H-NH3-C5H11NO
2098,['M+H'],1,M+H-NH3-C2H4
2099,['M+H'],1,M+H-NH3CO2
2266,M+2H+K,3,M+2H+K
2268,['M+H+Na'],2,M+H+Na-H2O
2269,M+2K,2,M+2K
2270,M+H+2K,3,M+H+2K
2271,M-H+Cl,-2,M-H+Cl
2272,"['M+Na', '-3H']",-2,M+Na-3H-H2O
2273,M-H-HCO2,-2,M-H-HCO2
2274,"['M', '-2H']",-2,M-2H-H2O
2275,M+2Cl,-2,M+2Cl
2276,"['M+2K', '-4H']",-2,M+2K-4H
2277,"['M+2Na', '-H']",1,M+2Na-H-H2O
2278,['M+Na'],1,M+Na-H2O
2279,['M+2Na'],2,M+2Na-H2O
2280,"['M+Na', '-2H']",-1,M+Na-2H-H2O
2281,2M+K,1,2M+K
2282,"['M', '+H', '-H']",-2,M-H+OH
2283,['M+H+K'],2,M+H+K-H2O
2284,"['M+2Na', '-4H']",-2,M+2Na-4H
2285,['M+H'],1,M+H-C6H5Br
2286,"['M+H', '-Br']",1,M+H-Br
2287,"['M', '-H']",-1,M-H-C3H5FO2
2288,['M+H'],1,M+H-C9H17N5O
2289,['M+H'],1,M+H-C3H12O5
2290,['M+H'],1,M+H-C3H14O6
2291,['M+H'],1,M+H-C6H6FNO2S
2292,M-H,-1,M-H-C11H16O
2293,['M+H'],1,M+H-C5H8N2O4S
2294,['M+H'],1,M+H-C14H15NO
2295,['M+H'],1,M+H-C3H3N3O
2296,['M+H'],1,M+H-C8H10ClNO3S
2297,['M+H'],1,M+H-C9H8F3NO
2298,['M+H'],1,M+H-C7H7F3N2O3S
2299,"['M', '-H']",-1,M-H-C6H9N3O2
2300,"['M', '-H']",-1,M-H-C7H7N3O3
2301,"['M', '-H']",-1,M-H-C10H9NO5S
2302,['M+H'],1,M+H-C2H7O3PS
2303,['M+H'],1,M+H-CH3ClN2
2304,['M+H'],1,M+H-C2H6N2S
2305,"['M', '-H']",-1,M-H-C2H7NO2S
2306,['M+H'],1,M+H-C10H20O3
2307,['M+H'],1,M+H-C12H9AsO2
2308,"['M', '-H']",-1,M-H-HNO
2309,"['M', '-H']",-1,M-H-C8H14O3
2310,"['M', '-H']",-1,M-H-C41H66O12
2311,"['M', '-H']",-1,M-H-C41H66O11
2312,['M+H'],1,M+H-C18H34O2
2313,['M+H'],1,M+H-C3H11FO2
2314,['M+H'],1,M+H-C3H13FO3
2315,['M+H'],1,M+H-C16H30O2
2316,['M+H'],1,M+H-C10H17F3O4
2317,['M+H'],1,M+H-C7H9NO3S
2318,M+H,1,M+H-C10H16N2O3S
2319,['M+H'],1,M+H-C9H6O2
2320,"['M+H', '-HS']",-1,M+H-HS
2321,['M+H'],1,M+H-C9H10ClNO
2322,['M+H'],1,M+H-C8H11NO4
2323,['M+H'],1,M+H-C11H16N2O5
2324,['M+H'],1,M+H-C7H5F3O
2325,['M+H'],1,M+H-C8H11N3O
2326,['M+H'],1,M+H-C13H10ClNO
2327,"['M', '-H']",-1,M-H-C6H5S
2328,['M+H'],1,M+H-C9H12NO
2329,"['M', '-H']",-1,M-H-C3H8O3S
2330,['M+H'],1,M+H-C13H16ClN3O
2331,"['M', '-H']",-1,M-H-C6H10FNO3
2332,['M+H'],1,M+H-C5H6O3
2333,['M+H'],1,M+H-C11H18NO6P
2334,['M+H'],1,M+H-C11H21N2O6P
2335,['M-H'],-1,M-H-C6H10O3
2336,['M-H'],-1,M-H-C8H13N
2337,['M+H'],1,M+H-CH2F2O
2338,['M+H'],1,M+H-C13H20ClN
2339,['M+H'],1,M+H-C18H38O
2340,['M+H'],1,M+H-C20H42O
2341,['M+H'],1,M+H-C10H10N2O3
2342,['M+H'],1,M+H-C12H14N2O4
2343,"['M', '-H']",-1,M-H-C5H7NO2
2344,['M+H'],1,M+H-C5H7ClN2O2S
2345,"['M', '-H']",-1,M-H-CHClO2
2346,['M+H'],1,M+H-C2H7NO3
2352,['M+H'],1,M+H-H3O9P3
2353,"['M', '-H']",-1,M-H-C6H6O6
2354,"['M', '-H']",-1,M-H-C7H8O7
2355,"['M', '-H']",-1,M-H-C7H6O8
2356,"['M', '-H']",-1,M-H-C6H11O7P
2357,"['M', '-H']",-1,M-H-C6H5NO2
2358,"['M', '-H']",-1,M-H-C6H7NO3
2359,['M+H'],1,M+H-H2BrO
2360,['M+H'],1,M+H-C3H3F3O
2361,['M+H'],1,M+H-C10H18O3
2362,"['M', '-H']",-1,M-H-C2H3NO
2363,"['M', '-H']",-1,M-H-C10H10O
2364,['M+H'],1,M+H-C7H11N
2367,"['M', '-H']",-1,M-H-C10H20
2368,3M+Na,1,3M+Na
2369,4M+Na,1,4M+Na
2370,['M+NH4'],1,M+NH4-H2O
2371,['M+H'],1,M+H-C9H9N3O2
2372,['M+H'],1,M+H-C5H5N3O3
2373,['M+H'],1,M+H-C6H5N3O4
2374,['M+H'],1,M+H-C2H4NO2
2375,['M+H'],1,M+H-C12H15N7O4
2376,['M+H'],1,M+H-C14H14N7
2377,['M+H'],1,M+H-C6H14N2O
2378,['M+H'],1,M+H-C11H13N3O
2379,['M+H'],1,M+H-3CH4
2380,['M+H'],1,M+H-2CH4
2381,['M+H+H2O'],1,M+H-CH4+H2O
2382,['M+H+H2O'],1,M+H-CH2+H2O
2383,['M+H'],1,M+H-C4H10N
2385,['M+H'],1,M+H-C7H7NO2S
2386,['M+H'],1,M+H-C7H7NO3S
2387,['M+H'],1,M+H-H2-C3O
2388,['M+H'],1,M+H-H2-CO
2389,M+D,1,M+D
2390,['M+H+H2O'],1,M+H-H2+H2O
2391,['M+H'],1,M+H-C16H16O10
2392,['M+H'],1,M+H-C14H12O10
2393,['M+H'],1,M+H-C13H12O9
2394,['M+H'],1,M+H-C6H9NO5
2395,['M+H'],1,M+H-C5H14N2
2396,M+H+O,1,M+H+O
2397,M+Na,1,M+Na+CH3OH
2398,['M+H'],1,M+H-CH3NH2
2399,['M+H'],1,M+H-CO-H2
2400,['M+H'],1,M+H-CO-H2+H2O
2401,['M+H'],1,M+H-C4H8NPO5S
2402,['M+H'],1,M+H-C2H7PO3S
2403,['M+H'],1,M+H-C5H12S
2404,"['M', '-CH3']",-1,M-CH3
2405,['M+H '],1,M+H -H2O
2406,['M+H'],1,M+H-C4H4N2
2407,['M+H'],1,M+H-HCCl3
2408,['M'],1,M-C4H9
2410,"['M', '-Cl2H']",1,M-Cl2H
2411,['M'],1,M-C5H5Cl
2413,"['M', '-CCl3']",1,M-CCl3
2415,M-SCCl2F,-1,M-SCCl2F
2417,['M'],-1,M-HCl
2418,"['M', '-CH2SCN']",-1,M-CH2SCN
2419,M-H+Co,1,M-H+Co
2421,M-2H+Na+Co,1,M-2H+Na+Co
2422,['M+H'],1,M+H-HCO2H
2423,['M+H'],1,M+H-COOH
2424,['M+H'],1,M+H-HSCH2CONHCH3
2426,"['M+Ba', '-H']",1,M+Ba-H
2427,['M+H'],1,M+H-CH2Cl2O
2434,['M+H'],1,M+H-C2Cl4
2435,['M'],1,M-C4H4O4S
2436,['M+H'],1,M+H-CH3
2437,"['M+H', '+H2O']",1,M+H-CH3OH+H2O
2438,['M+H'],1,M+H-CH3OH
2439,['M+H'],1,M+H-CD3OH
2441,"['M', '-Cl']",1,M-Cl
2442,"['M', '-Br']",1,M-Br
2443,"['M', '-CH3']",1,M-CH3
2445,['M+H'],1,M+H-HF-CO
2446,['M+H'],1,M+H-HF-CO-C2H4
2447,['M+H'],1,M+H-H2O-C8H8
2448,['M+H'],1,M+H-H2O-NH3-C8H8
2449,['M+H'],1,M+H-H2O-NH3-C8H8-CO
2450,M+CH3CO2,-1,M+CH3CO2
2451,['M+H'],1,M+H-C6H5NH2
2452,['M+H'],1,M+H-OH
2453,"['M', '-H']",-1,M-H-CH3
2455,"['M', '-C3H7']",1,M-C3H7
2456,"['M', '-C3H7']",1,M-C3H7-C2H4
2457,['M+H'],1,M+H-C3H7NH2-H2O
2458,M+H,1,M+H-NH2OH-C6H10N2O2
2461,M+H,1,M+H-C13H25NO2
2462,M+H,1,M+H-C14H25NO3
2463,M-2H+3Na,1,M-2H+3Na-C3H5NO2
2469,"['M', '-H']",-1,M-H-C42H79NO2
2471,"['M', '-H']",-1,M-H-C24H44O
2472,"['M', '-H']",-1,M-H-C6H9O5SO3H
2473,M-H,-1,M-H-C16H30O
2474,['M+H'],1,M+H-C5H14NO4P
2476,"['M', '-H']",-1,M-H-H2O-C4H7CO2H
2478,"['M', '-H']",-1,M-H-H2O-CO2
2479,"['M', '-H']",-1,M-H-H2O-HCO2H
2480,2M-2H+3Na,1,2M-2H+3Na
2481,2M+NH4,1,2M+NH4
2482,2M-H+2NH4,1,2M-H+2NH4
2483,2M-H+2Na,1,2M-H+2Na
2484,"['M', '-H']",-1,M-H-HCHO
2485,"['M', '-H']",-1,M-H-C16H32O
2486,"['M', '-H']",-1,M-H-H2
2487,"['M', '-H']",-1,M-H-C16H30O-H2O
2488,"['M', '-H']",-1,M-H-CH2O-CH2NH
2489,['M+H'],1,M+H-C24H44O-H2O
2493,['M+H'],1,M+H-C24H44O-2H2O
2494,5M+Na,1,5M+Na
2495,M+NO3,-1,M+NO3
2496,4M+NO3,-1,4M+NO3
2497,5M+NO3,-1,5M+NO3
2498,4M+K,1,4M+K
2499,3M+K,1,3M+K
2500,M+KSO4,-1,M+KSO4
2501,2M+KSO4,-1,2M+KSO4
2502,M+ClO3,-1,M+ClO3
2503,2M+ClO3,-1,2M+ClO3
2504,3M+ClO3,-1,3M+ClO3
2505,M+ClO4,-1,M+ClO4
2506,2M+ClO4,-1,2M+ClO4
2507,3M+ClO4,-1,3M+ClO4
2508,['M+H'],1,M+H-CH3CO2H
2510,"['M+H', '-NO2', '-C6H5OCH2']",0,M+H-NO2-C6H5OCH2
2515,['M+H'],1,M+H-C6H5CH2NH2
2517,['M+H'],1,M+H-C6H5CH2NH2-CO
2518,['M+H'],1,M+H-C6H3Cl2SO2
2521,['M+H'],1,M+H-C6H3Cl2SO2-C2H4
2522,['M+H'],1,M+H-C6H4BrSO2
2523,['M+H'],1,M+H-C6H4BrSO2-C2H4
2524,['M+H'],1,M+H-ClC6H4SH
2527,['M+H'],1,M+H-ClC6H4SH-CO
2528,"['M+H', '-Cl']",0,M+H-Cl
2531,['M+H'],1,M+H-C6H5CO2H-CH3OH
2532,['M+H'],1,M+H-C6H5CO2H
2533,M+H-NO2-CHO,-1,M+H-NO2-CHO
2534,['M+K'],1,M+K-C7H12O
2535,"['M',  '-H']",-1,M-H+2H2O
2536,['M+Na'],1,M+Na-C7H12O
2537,['M+H'],1,M+H-H2O-C6H13N
2538,['M+H'],1,M+H-C5H7O6P-C6H7N
2539,"['M', '-H']",-1,M-H-H3PO4
2540,['M+H'],1,M+H-C5H7PO6
2541,['M+H'],1,M+H-C5H7PO6-NH3
2542,"['M', '-H']",-1,M-H-C5H7PO6
2543,"['M', '-H']",-1,M-H-C6H6N8O
2544,['M+H'],1,M+H-H2O-H3PO4
2545,['M+Na'],1,M+Na-H2S
2546,M-H+2Na,1,M-H+2Na-H2S
2547,['M+H'],1,M+H-C10H8FN3
2548,['M+H'],1,M+H-C2H3N3-C3H6
2549,M+H,1,M+H-C6H9N3O2
2550,['M+H'],1,M+H-C8H5N3
2551,['M+H'],1,M+H-C2H5N-HF
2552,['M+H'],1,M+H-H2O-CO
2554,['M+H'],1,M+H-C3H7N-H2O
2555,['M+H'],1,M+H-C3H6O2-C6H9NO3
2556,['M+H'],1,M+H-C2H4-H2O
2557,"['M', '-H']",-1,M-H-C7H9NO
2558,['M+H'],1,M+H-C7H7N-CH3N
2559,['M+Na'],1,M+Na-C4H6O4
2563,M+Na,1,M+Na-C25H36O4
2564,['M+H'],1,M+H-C8H16NO2
2565,['M+H'],1,M+H-CO-CONH
2571,"['M', '-H']",-1,M-H-CONH
2572,['M+H'],1,M+H-C4H6-CO
2573,['M+H'],1,M+H-C12HH8NS
2574,['M+H'],1,M+H-C7H11O3
2576,['M+H'],1,M+H-C3H5NO-CH2O
2577,['M+H'],1,M+H-C17H25N3O4
2578,['M+H'],1,M+H-C13H16N3O4
2579,['M+H'],1,M+H-C15H21N2O3
2580,M+4H,4,M+4H
2581,M+5H,5,M+5H
2582,M+6H,6,M+6H
2583,M+7H,7,M+7H
2584,M+8H,8,M+8H
2585,M+9H,9,M+9H
2586,['M+H'],1,M+H-C4H9INO
2587,['M+H'],1,M+H-CH3IN
2588,['M+H'],1,M+H-C6H6INO2S
2589,['M+H'],1,M+H-C6H8INO3S
2590,['M+H'],1,M+H-HS
2591,['M+H'],1,M+H-C10H14INO2
2592,['M+H'],1,M+H-C17H17IO6
2593,['M+H'],1,M+H-C17H19IO7
2594,['M+H'],1,M+H-C3H9O3NI
2595,['M+H'],1,M+H-C4H12OSi
2596,['M+H'],1,M+H-C7H7IO2
2597,['M+H'],1,M+H-(CH3)2O2PS2H
2598,['M+H'],1,M+H-C3H10OSi
2599,M-2H+Li,-1,M-2H+Li-C3H5NO2
2600,M-2H+Li,-1,M-2H+Li-C16H30O
2601,M+Li,1,M+Li-C3H5NO2
2602,M+Li,1,M+Li-H3PO4
2603,M-2H+3Li,1,M-2H+3Li-C15H31CO2H
2604,M+Li,1,M+Li-(CH3)3N
2605,M+Li,1,M+Li-C5H14NO4P
2606,M+H,1,M+H-(CH3)2CHNH2
2607,M-H,-1,M-H-C5H5O(OH)3CH2O
2608,M+H,1,M+H-C6H5N(SO2)
2609,M+H,1,M+H-C10H6(OH)N
2610,M+Li,1,M+Li-H2O
2611,M+Li,1,M+Li-C24H44O
2612,M+Li,1,M+Li-C24H44O-H2O
2613,M+H,1,M+H-2(C2H4)
2614,M+H,1,M+H-H3NI
2615,M+H,1,M+H-(CH3)2NCOH
2616,M+H,1,M+H-(CH3)2NH
2617,M+H,1,M+H-HN(CH3)2
2618,M+H,1,M+H-(CH3)2NH-C3H6
2619,M+H,1,M+H-2(H2O)
2620,M+H,1,M+H-C6H3(C2H5)2NH2
2621,M+H,1,M+H-NO2-C6H4(CH3)OCH2
2622,M+H,1,M+H-NO2-C6H3(CH3)2OCH2
2623,M+H,1,M+H-C2N2O(CH3)OH
2624,M+H,1,M+H-NO2-C6H5OCH2
2625,M+H,1,M+H-C6H4(Cl)CN
2626,M+H,1,M+H-C6H4(OC2H5)NH2
2627,M+H,1,M+H-(CH3)2C6H3NH2
2628,M+H,1,M+H-C6H2(CH3)3SO2
2629,M+H,1,M+H-C6H2(CH3)3SO2-C2H4
2630,M+H,1,M+H-C6H4(OCH3)NH2
2631,M+H,1,M+H-C6H2(OCH3)3OCOH
2632,M+H,1,M+H-NO2-CHO
2633,M-H,-1,M-H-HO
2634,M+H,1,M+H-C3H9INO2
2635,M+H,1,M+H-C6H6NI
2636,M+H,1,M+H-C8H8INO4S
2637,M+H,1,M-C6H10O5+H
2638,M+H,-1,M+CH3COOH-H
2639,M+H,1,M-H2O+H
2640,M-H,-1,M-H2O-H
2641,M+H,1,M-2H2O+H
2642,M-H,-1,M+FA-H
2643,M+H,1,M+ACN+H
2644,M+H,1,M-NH3+H
